Entity,Code,Year,Economic Freedom of the World
Albania,ALB,1990,4.58
Albania,ALB,1995,5.01
Albania,ALB,2000,6.53
Albania,ALB,2001,6.6
Albania,ALB,2002,6.88
Albania,ALB,2003,7.37
Albania,ALB,2004,6.97
Albania,ALB,2005,6.96
Albania,ALB,2006,7.14
Albania,ALB,2007,7.21
Albania,ALB,2008,7.22
Albania,ALB,2009,7.31
Albania,ALB,2010,7.35
Albania,ALB,2011,7.24
Albania,ALB,2012,7.2
Albania,ALB,2013,7.24
Albania,ALB,2014,7.48
Albania,ALB,2015,7.54
Albania,ALB,2016,7.538571065
Algeria,DZA,1965,3.648770878
Algeria,DZA,1980,3.79
Algeria,DZA,1985,3.59
Algeria,DZA,1990,3.33
Algeria,DZA,1995,3.94
Algeria,DZA,2000,4.91
Algeria,DZA,2001,4.99
Algeria,DZA,2002,4.93
Algeria,DZA,2003,4.95
Algeria,DZA,2004,5.04
Algeria,DZA,2005,5.63
Algeria,DZA,2006,5.68
Algeria,DZA,2007,5.36
Algeria,DZA,2008,5.16
Algeria,DZA,2009,5.18
Algeria,DZA,2010,5.07
Algeria,DZA,2011,5.06
Algeria,DZA,2012,4.95
Algeria,DZA,2013,5.04
Algeria,DZA,2014,5.01
Algeria,DZA,2015,4.85
Algeria,DZA,2016,4.985321051
Angola,AGO,2005,3.81
Angola,AGO,2006,4.44
Angola,AGO,2007,4.57
Angola,AGO,2008,4.41
Angola,AGO,2009,5.14
Angola,AGO,2010,5.3
Angola,AGO,2011,5.16
Angola,AGO,2012,5.28
Angola,AGO,2013,5.25
Angola,AGO,2014,5.13
Angola,AGO,2015,5.4
Angola,AGO,2016,5.166512658
Argentina,ARG,1950,3.985771577
Argentina,ARG,1955,4.088213892
Argentina,ARG,1960,4.330926513
Argentina,ARG,1965,4.313662573
Argentina,ARG,1970,5.67
Argentina,ARG,1975,3.13
Argentina,ARG,1980,4.25
Argentina,ARG,1985,3.53
Argentina,ARG,1990,4.47
Argentina,ARG,1995,6.95
Argentina,ARG,2000,7.34
Argentina,ARG,2001,6.84
Argentina,ARG,2002,6.27
Argentina,ARG,2003,6.17
Argentina,ARG,2004,6.33
Argentina,ARG,2005,5.99
Argentina,ARG,2006,6.08
Argentina,ARG,2007,6.19
Argentina,ARG,2008,5.95
Argentina,ARG,2009,5.92
Argentina,ARG,2010,5.59
Argentina,ARG,2011,5.58
Argentina,ARG,2012,5.04
Argentina,ARG,2013,4.85
Argentina,ARG,2014,4.49
Argentina,ARG,2015,4.88
Argentina,ARG,2016,4.839536444
Armenia,ARM,2004,7.36
Armenia,ARM,2005,7.31
Armenia,ARM,2006,7.45
Armenia,ARM,2007,7.42
Armenia,ARM,2008,7.59
Armenia,ARM,2009,7.55
Armenia,ARM,2010,7.56
Armenia,ARM,2011,7.71
Armenia,ARM,2012,7.75
Armenia,ARM,2013,7.69
Armenia,ARM,2014,7.7
Armenia,ARM,2015,7.6
Armenia,ARM,2016,7.565793873
Australia,AUS,1950,6.056715516
Australia,AUS,1955,6.026502259
Australia,AUS,1960,6.316157812
Australia,AUS,1965,6.689718562
Australia,AUS,1970,6.93
Australia,AUS,1975,6.06
Australia,AUS,1980,6.85
Australia,AUS,1985,7.16
Australia,AUS,1990,7.73
Australia,AUS,1995,7.95
Australia,AUS,2000,8.19
Australia,AUS,2001,8.07
Australia,AUS,2002,8.04
Australia,AUS,2003,8.04
Australia,AUS,2004,8.01
Australia,AUS,2005,8.07
Australia,AUS,2006,8.14
Australia,AUS,2007,8.18
Australia,AUS,2008,8.08
Australia,AUS,2009,7.97
Australia,AUS,2010,8.02
Australia,AUS,2011,8.01
Australia,AUS,2012,7.96
Australia,AUS,2013,7.92
Australia,AUS,2014,8.02
Australia,AUS,2015,8
Australia,AUS,2016,7.977567819
Austria,AUT,1950,5.633153905
Austria,AUT,1955,5.669562117
Austria,AUT,1960,6.208092544
Austria,AUT,1965,6.302215885
Austria,AUT,1970,6.51
Austria,AUT,1975,6.04
Austria,AUT,1980,6.45
Austria,AUT,1985,6.46
Austria,AUT,1990,6.95
Austria,AUT,1995,7.15
Austria,AUT,2000,7.96
Austria,AUT,2001,7.84
Austria,AUT,2002,7.79
Austria,AUT,2003,7.93
Austria,AUT,2004,7.9
Austria,AUT,2005,7.85
Austria,AUT,2006,7.85
Austria,AUT,2007,7.81
Austria,AUT,2008,7.7
Austria,AUT,2009,7.66
Austria,AUT,2010,7.62
Austria,AUT,2011,7.65
Austria,AUT,2012,7.62
Austria,AUT,2013,7.6
Austria,AUT,2014,7.68
Austria,AUT,2015,7.65
Austria,AUT,2016,7.564971368
Azerbaijan,AZE,2004,6.19
Azerbaijan,AZE,2005,6.01
Azerbaijan,AZE,2006,6.1
Azerbaijan,AZE,2007,6.11
Azerbaijan,AZE,2008,6.15
Azerbaijan,AZE,2009,6.06
Azerbaijan,AZE,2010,5.97
Azerbaijan,AZE,2011,6.15
Azerbaijan,AZE,2012,6.32
Azerbaijan,AZE,2013,6.2
Azerbaijan,AZE,2014,6.4
Azerbaijan,AZE,2015,6.38
Azerbaijan,AZE,2016,6.477059287
Bahamas,BHS,1975,6.43
Bahamas,BHS,1980,6.28
Bahamas,BHS,1985,6.32
Bahamas,BHS,1990,6.44
Bahamas,BHS,1995,6.41
Bahamas,BHS,2000,6.66
Bahamas,BHS,2001,6.75
Bahamas,BHS,2002,6.72
Bahamas,BHS,2003,7.07
Bahamas,BHS,2004,7.18
Bahamas,BHS,2005,7.38
Bahamas,BHS,2006,7.46
Bahamas,BHS,2007,7.55
Bahamas,BHS,2008,7.58
Bahamas,BHS,2009,7.49
Bahamas,BHS,2010,7.38
Bahamas,BHS,2011,7.32
Bahamas,BHS,2012,7.31
Bahamas,BHS,2013,7.31
Bahamas,BHS,2014,7.3
Bahamas,BHS,2015,7.3
Bahamas,BHS,2016,7.348118274
Bahrain,BHR,1980,7.39
Bahrain,BHR,1985,6.6
Bahrain,BHR,1990,6.62
Bahrain,BHR,1995,6.91
Bahrain,BHR,2000,7.42
Bahrain,BHR,2001,7.33
Bahrain,BHR,2002,7.29
Bahrain,BHR,2003,7.2
Bahrain,BHR,2004,7.02
Bahrain,BHR,2005,6.89
Bahrain,BHR,2006,7.35
Bahrain,BHR,2007,7.52
Bahrain,BHR,2008,7.42
Bahrain,BHR,2009,7.29
Bahrain,BHR,2010,7.47
Bahrain,BHR,2011,7.49
Bahrain,BHR,2012,7.33
Bahrain,BHR,2013,7.32
Bahrain,BHR,2014,7.36
Bahrain,BHR,2015,7.37
Bahrain,BHR,2016,7.547998735
Bangladesh,BGD,1975,3.29
Bangladesh,BGD,1980,3.28
Bangladesh,BGD,1985,3.59
Bangladesh,BGD,1990,4.45
Bangladesh,BGD,1995,5.3
Bangladesh,BGD,2000,5.91
Bangladesh,BGD,2001,5.81
Bangladesh,BGD,2002,5.88
Bangladesh,BGD,2003,5.8
Bangladesh,BGD,2004,5.72
Bangladesh,BGD,2005,6.02
Bangladesh,BGD,2006,6.18
Bangladesh,BGD,2007,6.06
Bangladesh,BGD,2008,6.07
Bangladesh,BGD,2009,6.3
Bangladesh,BGD,2010,6.35
Bangladesh,BGD,2011,6.34
Bangladesh,BGD,2012,6.24
Bangladesh,BGD,2013,6.34
Bangladesh,BGD,2014,6.3
Bangladesh,BGD,2015,6.32
Bangladesh,BGD,2016,6.320027985
Barbados,BRB,1975,5.67
Barbados,BRB,1980,5.72
Barbados,BRB,1985,6.06
Barbados,BRB,1990,5.99
Barbados,BRB,1995,6.01
Barbados,BRB,2000,6.13
Barbados,BRB,2001,6.15
Barbados,BRB,2002,6.05
Barbados,BRB,2003,6.33
Barbados,BRB,2004,6.13
Barbados,BRB,2005,6.31
Barbados,BRB,2006,6.1
Barbados,BRB,2007,6.12
Barbados,BRB,2008,6.22
Barbados,BRB,2009,6.56
Barbados,BRB,2010,6.63
Barbados,BRB,2011,6.63
Barbados,BRB,2012,6.67
Barbados,BRB,2013,6.65
Barbados,BRB,2014,6.63
Barbados,BRB,2015,6.48
Barbados,BRB,2016,6.441310507
Belarus,BLR,2016,6.222585784
Belgium,BEL,1950,6.167647432
Belgium,BEL,1955,6.331733308
Belgium,BEL,1960,6.776391625
Belgium,BEL,1965,6.821484057
Belgium,BEL,1970,7.44
Belgium,BEL,1975,6.75
Belgium,BEL,1980,7.35
Belgium,BEL,1985,7.32
Belgium,BEL,1990,7.56
Belgium,BEL,1995,7.32
Belgium,BEL,2000,7.76
Belgium,BEL,2001,7.41
Belgium,BEL,2002,7.47
Belgium,BEL,2003,7.51
Belgium,BEL,2004,7.47
Belgium,BEL,2005,7.41
Belgium,BEL,2006,7.39
Belgium,BEL,2007,7.38
Belgium,BEL,2008,7.3
Belgium,BEL,2009,7.28
Belgium,BEL,2010,7.39
Belgium,BEL,2011,7.38
Belgium,BEL,2012,7.35
Belgium,BEL,2013,7.34
Belgium,BEL,2014,7.59
Belgium,BEL,2015,7.44
Belgium,BEL,2016,7.324201584
Belize,BLZ,1980,5.59
Belize,BLZ,1985,5.4
Belize,BLZ,1990,5.9
Belize,BLZ,1995,6.63
Belize,BLZ,2000,6.39
Belize,BLZ,2001,6.28
Belize,BLZ,2002,6.49
Belize,BLZ,2003,6.83
Belize,BLZ,2004,7.02
Belize,BLZ,2005,7.37
Belize,BLZ,2006,7.27
Belize,BLZ,2007,7.34
Belize,BLZ,2008,7.32
Belize,BLZ,2009,7.07
Belize,BLZ,2010,6.52
Belize,BLZ,2011,6.61
Belize,BLZ,2012,6.64
Belize,BLZ,2013,6.55
Belize,BLZ,2014,6.47
Belize,BLZ,2015,6.51
Belize,BLZ,2016,6.861622623
Benin,BEN,1960,4.097161541
Benin,BEN,1965,4.139612384
Benin,BEN,1980,4.56
Benin,BEN,1985,4.26
Benin,BEN,1990,4.54
Benin,BEN,1995,4.2
Benin,BEN,2000,5.25
Benin,BEN,2001,5.57
Benin,BEN,2002,6.04
Benin,BEN,2003,6.03
Benin,BEN,2004,5.91
Benin,BEN,2005,6
Benin,BEN,2006,6.28
Benin,BEN,2007,6.14
Benin,BEN,2008,5.99
Benin,BEN,2009,6.1
Benin,BEN,2010,6.05
Benin,BEN,2011,6
Benin,BEN,2012,5.74
Benin,BEN,2013,5.98
Benin,BEN,2014,5.94
Benin,BEN,2015,5.78
Benin,BEN,2016,5.978389576
Bhutan,BTN,2013,6.93
Bhutan,BTN,2014,6.99
Bhutan,BTN,2015,7.11
Bhutan,BTN,2016,7.036470399
Bolivia,BOL,1950,4.229486689
Bolivia,BOL,1955,4.251602298
Bolivia,BOL,1960,4.651500624
Bolivia,BOL,1965,4.856073016
Bolivia,BOL,1980,4.08
Bolivia,BOL,1985,3.52
Bolivia,BOL,1990,5.62
Bolivia,BOL,1995,6.84
Bolivia,BOL,2000,6.97
Bolivia,BOL,2001,6.78
Bolivia,BOL,2002,6.6
Bolivia,BOL,2003,6.53
Bolivia,BOL,2004,6.45
Bolivia,BOL,2005,6.34
Bolivia,BOL,2006,6.37
Bolivia,BOL,2007,6.14
Bolivia,BOL,2008,6.09
Bolivia,BOL,2009,6.3
Bolivia,BOL,2010,6.35
Bolivia,BOL,2011,6.31
Bolivia,BOL,2012,6.38
Bolivia,BOL,2013,6.4
Bolivia,BOL,2014,6.21
Bolivia,BOL,2015,6.05
Bolivia,BOL,2016,6.23460416
Bosnia and Herzegovina,BIH,2005,6.18
Bosnia and Herzegovina,BIH,2006,6.48
Bosnia and Herzegovina,BIH,2007,6.61
Bosnia and Herzegovina,BIH,2008,6.56
Bosnia and Herzegovina,BIH,2009,6.56
Bosnia and Herzegovina,BIH,2010,6.63
Bosnia and Herzegovina,BIH,2011,6.7
Bosnia and Herzegovina,BIH,2012,6.79
Bosnia and Herzegovina,BIH,2013,6.91
Bosnia and Herzegovina,BIH,2014,6.79
Bosnia and Herzegovina,BIH,2015,6.62
Bosnia and Herzegovina,BIH,2016,6.621755881
Botswana,BWA,1980,5.34
Botswana,BWA,1985,5.66
Botswana,BWA,1990,5.92
Botswana,BWA,1995,6.4
Botswana,BWA,2000,7.44
Botswana,BWA,2001,7.2
Botswana,BWA,2002,7.2
Botswana,BWA,2003,7.01
Botswana,BWA,2004,7.1
Botswana,BWA,2005,7.09
Botswana,BWA,2006,6.99
Botswana,BWA,2007,7.12
Botswana,BWA,2008,6.85
Botswana,BWA,2009,6.76
Botswana,BWA,2010,7.02
Botswana,BWA,2011,7.22
Botswana,BWA,2012,7.25
Botswana,BWA,2013,7.23
Botswana,BWA,2014,7.3
Botswana,BWA,2015,7.37
Botswana,BWA,2016,7.437125791
Brazil,BRA,1950,4.045171386
Brazil,BRA,1955,4.030173926
Brazil,BRA,1960,4.287865831
Brazil,BRA,1965,4.225138557
Brazil,BRA,1970,5.28
Brazil,BRA,1975,4.19
Brazil,BRA,1980,3.92
Brazil,BRA,1985,2.96
Brazil,BRA,1990,4.23
Brazil,BRA,1995,4.66
Brazil,BRA,2000,5.98
Brazil,BRA,2001,5.98
Brazil,BRA,2002,6.28
Brazil,BRA,2003,6.15
Brazil,BRA,2004,6.15
Brazil,BRA,2005,6.18
Brazil,BRA,2006,6.15
Brazil,BRA,2007,6.17
Brazil,BRA,2008,6.31
Brazil,BRA,2009,6.24
Brazil,BRA,2010,6.46
Brazil,BRA,2011,6.45
Brazil,BRA,2012,6.24
Brazil,BRA,2013,6.01
Brazil,BRA,2014,5.93
Brazil,BRA,2015,5.77
Brazil,BRA,2016,5.758552944
Brunei,BRN,2010,7.07
Brunei,BRN,2011,6.92
Brunei,BRN,2012,7.07
Brunei,BRN,2013,7.06
Brunei,BRN,2014,7.18
Brunei,BRN,2015,6.77
Brunei,BRN,2016,6.941173001
Bulgaria,BGR,1985,5.65
Bulgaria,BGR,1990,4.17
Bulgaria,BGR,1995,4.82
Bulgaria,BGR,2000,5.55
Bulgaria,BGR,2001,6.11
Bulgaria,BGR,2002,6.61
Bulgaria,BGR,2003,6.85
Bulgaria,BGR,2004,6.81
Bulgaria,BGR,2005,6.95
Bulgaria,BGR,2006,7.08
Bulgaria,BGR,2007,7.1
Bulgaria,BGR,2008,7.17
Bulgaria,BGR,2009,7.29
Bulgaria,BGR,2010,7.3
Bulgaria,BGR,2011,7.37
Bulgaria,BGR,2012,7.37
Bulgaria,BGR,2013,7.3
Bulgaria,BGR,2014,7.37
Bulgaria,BGR,2015,7.39
Bulgaria,BGR,2016,7.413846286
Burkina Faso,BFA,2005,5.85
Burkina Faso,BFA,2006,5.84
Burkina Faso,BFA,2007,5.99
Burkina Faso,BFA,2008,5.95
Burkina Faso,BFA,2009,5.9
Burkina Faso,BFA,2010,5.93
Burkina Faso,BFA,2011,5.95
Burkina Faso,BFA,2012,5.81
Burkina Faso,BFA,2013,5.93
Burkina Faso,BFA,2014,6.02
Burkina Faso,BFA,2015,5.87
Burkina Faso,BFA,2016,6.059183395
Burundi,BDI,1965,4.277681452
Burundi,BDI,1975,3.97
Burundi,BDI,1980,3.92
Burundi,BDI,1985,4.44
Burundi,BDI,1990,4.66
Burundi,BDI,1995,4.3
Burundi,BDI,2000,4.8
Burundi,BDI,2001,5.07
Burundi,BDI,2002,5.01
Burundi,BDI,2003,4.82
Burundi,BDI,2004,4.88
Burundi,BDI,2005,5.06
Burundi,BDI,2006,5.53
Burundi,BDI,2007,5.46
Burundi,BDI,2008,5.01
Burundi,BDI,2009,5.43
Burundi,BDI,2010,5.18
Burundi,BDI,2011,5.23
Burundi,BDI,2012,5.22
Burundi,BDI,2013,5.96
Burundi,BDI,2014,5.97
Burundi,BDI,2015,6.1
Burundi,BDI,2016,5.932866637
Cambodia,KHM,2010,7.08
Cambodia,KHM,2011,6.98
Cambodia,KHM,2012,6.92
Cambodia,KHM,2013,7.17
Cambodia,KHM,2014,7.16
Cambodia,KHM,2015,7.2
Cambodia,KHM,2016,7.187433978
Cameroon,CMR,1960,4.659137869
Cameroon,CMR,1965,5.42340376
Cameroon,CMR,1980,5.55
Cameroon,CMR,1985,5.43
Cameroon,CMR,1990,5.5
Cameroon,CMR,1995,5.33
Cameroon,CMR,2000,5.61
Cameroon,CMR,2001,5.78
Cameroon,CMR,2002,5.77
Cameroon,CMR,2003,5.8
Cameroon,CMR,2004,5.79
Cameroon,CMR,2005,5.75
Cameroon,CMR,2006,5.7
Cameroon,CMR,2007,5.58
Cameroon,CMR,2008,5.52
Cameroon,CMR,2009,5.73
Cameroon,CMR,2010,6.19
Cameroon,CMR,2011,6.21
Cameroon,CMR,2012,6.23
Cameroon,CMR,2013,6.13
Cameroon,CMR,2014,6.03
Cameroon,CMR,2015,5.92
Cameroon,CMR,2016,5.844995065
Canada,CAN,1950,6.467040017
Canada,CAN,1955,6.83043428
Canada,CAN,1960,6.991221436
Canada,CAN,1965,7.074653164
Canada,CAN,1970,8
Canada,CAN,1975,7.2
Canada,CAN,1980,7.77
Canada,CAN,1985,7.87
Canada,CAN,1990,8.17
Canada,CAN,1995,8.08
Canada,CAN,2000,8.27
Canada,CAN,2001,8.1
Canada,CAN,2002,8.03
Canada,CAN,2003,8.23
Canada,CAN,2004,8.17
Canada,CAN,2005,8.12
Canada,CAN,2006,8.13
Canada,CAN,2007,8.09
Canada,CAN,2008,8.04
Canada,CAN,2009,8.01
Canada,CAN,2010,8.01
Canada,CAN,2011,7.95
Canada,CAN,2012,7.99
Canada,CAN,2013,8
Canada,CAN,2014,8.2
Canada,CAN,2015,7.93
Canada,CAN,2016,7.989774329
Cape Verde,CPV,2010,6.38
Cape Verde,CPV,2011,6.53
Cape Verde,CPV,2012,6.56
Cape Verde,CPV,2013,6.62
Cape Verde,CPV,2014,6.56
Cape Verde,CPV,2015,6.67
Cape Verde,CPV,2016,6.662962575
Central African Republic,CAF,1960,3.960755146
Central African Republic,CAF,1965,3.942784889
Central African Republic,CAF,1980,4.29
Central African Republic,CAF,1985,4.39
Central African Republic,CAF,1990,4.87
Central African Republic,CAF,1995,4.63
Central African Republic,CAF,2000,5.09
Central African Republic,CAF,2001,5.2
Central African Republic,CAF,2002,4.95
Central African Republic,CAF,2003,5.43
Central African Republic,CAF,2004,5.29
Central African Republic,CAF,2005,4.74
Central African Republic,CAF,2006,4.93
Central African Republic,CAF,2007,5.19
Central African Republic,CAF,2008,5.18
Central African Republic,CAF,2009,5.2
Central African Republic,CAF,2010,5.04
Central African Republic,CAF,2011,4.94
Central African Republic,CAF,2012,4.93
Central African Republic,CAF,2013,5.23
Central African Republic,CAF,2014,4.99
Central African Republic,CAF,2015,4.62
Central African Republic,CAF,2016,5.085648
Chad,TCD,1960,4.183096518
Chad,TCD,1965,4.194087909
Chad,TCD,1985,4.45
Chad,TCD,1990,5.13
Chad,TCD,1995,5.09
Chad,TCD,2000,5.43
Chad,TCD,2001,5.88
Chad,TCD,2002,5.7
Chad,TCD,2003,5.61
Chad,TCD,2004,5.43
Chad,TCD,2005,5.17
Chad,TCD,2006,5.17
Chad,TCD,2007,4.97
Chad,TCD,2008,4.84
Chad,TCD,2009,5.16
Chad,TCD,2010,5.44
Chad,TCD,2011,4.97
Chad,TCD,2012,4.72
Chad,TCD,2013,4.98
Chad,TCD,2014,4.97
Chad,TCD,2015,5.27
Chad,TCD,2016,5.456090431
Chile,CHL,1950,4.717569264
Chile,CHL,1955,4.84175302
Chile,CHL,1960,5.239851966
Chile,CHL,1965,5.345146147
Chile,CHL,1970,3.58
Chile,CHL,1975,3.34
Chile,CHL,1980,5.05
Chile,CHL,1985,5.55
Chile,CHL,1990,6.61
Chile,CHL,1995,7.37
Chile,CHL,2000,7.36
Chile,CHL,2001,7.57
Chile,CHL,2002,7.59
Chile,CHL,2003,7.77
Chile,CHL,2004,7.71
Chile,CHL,2005,7.74
Chile,CHL,2006,7.76
Chile,CHL,2007,7.87
Chile,CHL,2008,7.8
Chile,CHL,2009,7.87
Chile,CHL,2010,7.89
Chile,CHL,2011,7.91
Chile,CHL,2012,7.81
Chile,CHL,2013,7.84
Chile,CHL,2014,7.84
Chile,CHL,2015,7.79
Chile,CHL,2016,7.780627687
China,CHN,1955,4.249270368
China,CHN,1960,4.201622506
China,CHN,1965,4.348500973
China,CHN,1980,3.64
China,CHN,1985,4.82
China,CHN,1990,4.09
China,CHN,1995,5.07
China,CHN,2000,5.77
China,CHN,2001,5.83
China,CHN,2002,6.12
China,CHN,2003,6.19
China,CHN,2004,5.96
China,CHN,2005,6.05
China,CHN,2006,6.15
China,CHN,2007,6.28
China,CHN,2008,6.26
China,CHN,2009,6.28
China,CHN,2010,6.24
China,CHN,2011,6.3
China,CHN,2012,6.36
China,CHN,2013,6.37
China,CHN,2014,6.38
China,CHN,2015,6.39
China,CHN,2016,6.451520582
Colombia,COL,1950,4.63091553
Colombia,COL,1955,4.544491543
Colombia,COL,1960,5.18120587
Colombia,COL,1965,5.244475345
Colombia,COL,1970,4.81
Colombia,COL,1975,4.62
Colombia,COL,1980,4.59
Colombia,COL,1985,5.06
Colombia,COL,1990,5.02
Colombia,COL,1995,5.48
Colombia,COL,2000,5.67
Colombia,COL,2001,5.83
Colombia,COL,2002,5.77
Colombia,COL,2003,5.91
Colombia,COL,2004,5.95
Colombia,COL,2005,5.94
Colombia,COL,2006,6.11
Colombia,COL,2007,6.36
Colombia,COL,2008,6.3
Colombia,COL,2009,6.5
Colombia,COL,2010,6.54
Colombia,COL,2011,6.62
Colombia,COL,2012,6.62
Colombia,COL,2013,6.61
Colombia,COL,2014,6.46
Colombia,COL,2015,6.41
Colombia,COL,2016,6.4960464
Congo,COG,1960,4.202211874
Congo,COG,1965,4.096353805
Congo,COG,1980,4.67
Congo,COG,1985,4.3
Congo,COG,1990,4.77
Congo,COG,1995,4.96
Congo,COG,2000,4.26
Congo,COG,2001,4.66
Congo,COG,2002,4.5
Congo,COG,2003,4.72
Congo,COG,2004,4.55
Congo,COG,2005,4.54
Congo,COG,2006,4.63
Congo,COG,2007,4.53
Congo,COG,2008,4.69
Congo,COG,2009,4.9
Congo,COG,2010,4.64
Congo,COG,2011,4.44
Congo,COG,2012,4.4
Congo,COG,2013,4.57
Congo,COG,2014,4.62
Congo,COG,2015,4.81
Congo,COG,2016,5.0329102
Costa Rica,CRI,1950,5.059767663
Costa Rica,CRI,1955,5.565368454
Costa Rica,CRI,1960,5.643889527
Costa Rica,CRI,1965,5.543753715
Costa Rica,CRI,1975,6.7
Costa Rica,CRI,1980,5.52
Costa Rica,CRI,1985,5.33
Costa Rica,CRI,1990,6.98
Costa Rica,CRI,1995,7.33
Costa Rica,CRI,2000,7.46
Costa Rica,CRI,2001,7.32
Costa Rica,CRI,2002,7.18
Costa Rica,CRI,2003,7.4
Costa Rica,CRI,2004,7.22
Costa Rica,CRI,2005,7.56
Costa Rica,CRI,2006,7.76
Costa Rica,CRI,2007,7.59
Costa Rica,CRI,2008,7.37
Costa Rica,CRI,2009,7.37
Costa Rica,CRI,2010,7.28
Costa Rica,CRI,2011,7.57
Costa Rica,CRI,2012,7.53
Costa Rica,CRI,2013,7.45
Costa Rica,CRI,2014,7.5
Costa Rica,CRI,2015,7.51
Costa Rica,CRI,2016,7.544079485
Cote d'Ivoire,CIV,1960,4.537270034
Cote d'Ivoire,CIV,1965,4.876415878
Cote d'Ivoire,CIV,1980,5.2
Cote d'Ivoire,CIV,1985,5.34
Cote d'Ivoire,CIV,1990,4.91
Cote d'Ivoire,CIV,1995,5
Cote d'Ivoire,CIV,2000,5.78
Cote d'Ivoire,CIV,2001,5.78
Cote d'Ivoire,CIV,2002,5.6
Cote d'Ivoire,CIV,2003,5.71
Cote d'Ivoire,CIV,2004,5.75
Cote d'Ivoire,CIV,2005,5.87
Cote d'Ivoire,CIV,2006,5.5
Cote d'Ivoire,CIV,2007,5.44
Cote d'Ivoire,CIV,2008,5.5
Cote d'Ivoire,CIV,2009,5.69
Cote d'Ivoire,CIV,2010,5.69
Cote d'Ivoire,CIV,2011,5.7
Cote d'Ivoire,CIV,2012,5.64
Cote d'Ivoire,CIV,2013,5.89
Cote d'Ivoire,CIV,2014,5.99
Cote d'Ivoire,CIV,2015,5.88
Cote d'Ivoire,CIV,2016,5.994718394
Croatia,HRV,1995,5.08
Croatia,HRV,2000,6.28
Croatia,HRV,2001,6
Croatia,HRV,2002,6.17
Croatia,HRV,2003,6.28
Croatia,HRV,2004,6.34
Croatia,HRV,2005,6.47
Croatia,HRV,2006,6.54
Croatia,HRV,2007,6.61
Croatia,HRV,2008,6.72
Croatia,HRV,2009,6.78
Croatia,HRV,2010,6.68
Croatia,HRV,2011,6.9
Croatia,HRV,2012,6.93
Croatia,HRV,2013,6.87
Croatia,HRV,2014,7.01
Croatia,HRV,2015,7.05
Croatia,HRV,2016,6.95783489
Cyprus,CYP,1955,5.550958985
Cyprus,CYP,1960,5.439056995
Cyprus,CYP,1965,5.315190233
Cyprus,CYP,1975,6.04
Cyprus,CYP,1980,5.56
Cyprus,CYP,1985,5.52
Cyprus,CYP,1990,5.87
Cyprus,CYP,1995,6.34
Cyprus,CYP,2000,6.64
Cyprus,CYP,2001,6.65
Cyprus,CYP,2002,6.97
Cyprus,CYP,2003,7.01
Cyprus,CYP,2004,7.65
Cyprus,CYP,2005,7.56
Cyprus,CYP,2006,7.5
Cyprus,CYP,2007,7.77
Cyprus,CYP,2008,7.74
Cyprus,CYP,2009,7.77
Cyprus,CYP,2010,7.73
Cyprus,CYP,2011,7.67
Cyprus,CYP,2012,7.47
Cyprus,CYP,2013,7.04
Cyprus,CYP,2014,7.44
Cyprus,CYP,2015,7.79
Cyprus,CYP,2016,7.708212245
Czech Republic,CZE,1995,5.76
Czech Republic,CZE,2000,6.74
Czech Republic,CZE,2001,6.82
Czech Republic,CZE,2002,6.95
Czech Republic,CZE,2003,6.99
Czech Republic,CZE,2004,6.94
Czech Republic,CZE,2005,6.98
Czech Republic,CZE,2006,7.03
Czech Republic,CZE,2007,7.17
Czech Republic,CZE,2008,7.21
Czech Republic,CZE,2009,7.17
Czech Republic,CZE,2010,7.22
Czech Republic,CZE,2011,7.26
Czech Republic,CZE,2012,7.42
Czech Republic,CZE,2013,7.34
Czech Republic,CZE,2014,7.46
Czech Republic,CZE,2015,7.48
Czech Republic,CZE,2016,7.573594724
Democratic Republic of Congo,COD,1965,4.232407268
Democratic Republic of Congo,COD,1970,4.26
Democratic Republic of Congo,COD,1975,3.92
Democratic Republic of Congo,COD,1980,2.84
Democratic Republic of Congo,COD,1985,3.53
Democratic Republic of Congo,COD,1990,3.12
Democratic Republic of Congo,COD,1995,3.41
Democratic Republic of Congo,COD,2000,4.01
Democratic Republic of Congo,COD,2001,3.93
Democratic Republic of Congo,COD,2002,4.84
Democratic Republic of Congo,COD,2003,4.94
Democratic Republic of Congo,COD,2004,4.64
Democratic Republic of Congo,COD,2005,4.61
Democratic Republic of Congo,COD,2006,5.08
Democratic Republic of Congo,COD,2007,5.18
Democratic Republic of Congo,COD,2008,5.16
Democratic Republic of Congo,COD,2009,5.28
Democratic Republic of Congo,COD,2010,5.29
Democratic Republic of Congo,COD,2011,5.27
Democratic Republic of Congo,COD,2012,5.22
Democratic Republic of Congo,COD,2013,5.17
Democratic Republic of Congo,COD,2014,5.03
Democratic Republic of Congo,COD,2015,5.46
Democratic Republic of Congo,COD,2016,5.679637719
Denmark,DNK,1950,5.789457618
Denmark,DNK,1955,5.785261369
Denmark,DNK,1960,6.241899314
Denmark,DNK,1965,6.200545336
Denmark,DNK,1970,7.39
Denmark,DNK,1975,6.09
Denmark,DNK,1980,6.24
Denmark,DNK,1985,6.37
Denmark,DNK,1990,7.16
Denmark,DNK,1995,7.73
Denmark,DNK,2000,8.06
Denmark,DNK,2001,7.88
Denmark,DNK,2002,7.87
Denmark,DNK,2003,7.99
Denmark,DNK,2004,8
Denmark,DNK,2005,7.89
Denmark,DNK,2006,7.97
Denmark,DNK,2007,7.97
Denmark,DNK,2008,7.88
Denmark,DNK,2009,7.66
Denmark,DNK,2010,7.77
Denmark,DNK,2011,7.71
Denmark,DNK,2012,7.56
Denmark,DNK,2013,7.65
Denmark,DNK,2014,7.8
Denmark,DNK,2015,7.74
Denmark,DNK,2016,7.766156184
Dominican Republic,DOM,1950,4.608374126
Dominican Republic,DOM,1955,4.99067011
Dominican Republic,DOM,1960,5.019394877
Dominican Republic,DOM,1965,4.943393073
Dominican Republic,DOM,1980,5.59
Dominican Republic,DOM,1985,5.33
Dominican Republic,DOM,1990,4.42
Dominican Republic,DOM,1995,6.12
Dominican Republic,DOM,2000,6.82
Dominican Republic,DOM,2001,6.87
Dominican Republic,DOM,2002,6.77
Dominican Republic,DOM,2003,6.28
Dominican Republic,DOM,2004,5.79
Dominican Republic,DOM,2005,6.52
Dominican Republic,DOM,2006,6.43
Dominican Republic,DOM,2007,6.5
Dominican Republic,DOM,2008,6.46
Dominican Republic,DOM,2009,6.95
Dominican Republic,DOM,2010,7.16
Dominican Republic,DOM,2011,7.18
Dominican Republic,DOM,2012,7.03
Dominican Republic,DOM,2013,7.21
Dominican Republic,DOM,2014,7.27
Dominican Republic,DOM,2015,7.23
Dominican Republic,DOM,2016,7.18506935
Ecuador,ECU,1950,4.587077563
Ecuador,ECU,1955,4.747393574
Ecuador,ECU,1960,4.887135497
Ecuador,ECU,1965,4.976829304
Ecuador,ECU,1970,4.22
Ecuador,ECU,1975,5.31
Ecuador,ECU,1980,5.7
Ecuador,ECU,1985,4.6
Ecuador,ECU,1990,5.47
Ecuador,ECU,1995,6.31
Ecuador,ECU,2000,5.86
Ecuador,ECU,2001,5.76
Ecuador,ECU,2002,6.27
Ecuador,ECU,2003,6.27
Ecuador,ECU,2004,5.68
Ecuador,ECU,2005,5.94
Ecuador,ECU,2006,5.99
Ecuador,ECU,2007,5.83
Ecuador,ECU,2008,5.82
Ecuador,ECU,2009,5.82
Ecuador,ECU,2010,5.77
Ecuador,ECU,2011,5.78
Ecuador,ECU,2012,5.93
Ecuador,ECU,2013,5.93
Ecuador,ECU,2014,5.66
Ecuador,ECU,2015,5.91
Ecuador,ECU,2016,6.058442512
Egypt,EGY,1950,4.289301818
Egypt,EGY,1955,4.021638922
Egypt,EGY,1960,4.069162376
Egypt,EGY,1965,4.124108449
Egypt,EGY,1975,3.75
Egypt,EGY,1980,4.32
Egypt,EGY,1985,4.72
Egypt,EGY,1990,4.41
Egypt,EGY,1995,5.79
Egypt,EGY,2000,6.51
Egypt,EGY,2001,6.4
Egypt,EGY,2002,5.98
Egypt,EGY,2003,5.88
Egypt,EGY,2004,5.98
Egypt,EGY,2005,6.29
Egypt,EGY,2006,6.4
Egypt,EGY,2007,6.59
Egypt,EGY,2008,6.43
Egypt,EGY,2009,6.21
Egypt,EGY,2010,6.35
Egypt,EGY,2011,6.18
Egypt,EGY,2012,6.14
Egypt,EGY,2013,5.99
Egypt,EGY,2014,5.81
Egypt,EGY,2015,5.74
Egypt,EGY,2016,5.712223766
El Salvador,SLV,1950,4.670957178
El Salvador,SLV,1955,4.670468199
El Salvador,SLV,1960,4.815192226
El Salvador,SLV,1965,4.476459255
El Salvador,SLV,1980,4.12
El Salvador,SLV,1985,4.34
El Salvador,SLV,1990,4.81
El Salvador,SLV,1995,7.64
El Salvador,SLV,2000,7.72
El Salvador,SLV,2001,7.59
El Salvador,SLV,2002,7.5
El Salvador,SLV,2003,7.54
El Salvador,SLV,2004,7.64
El Salvador,SLV,2005,7.47
El Salvador,SLV,2006,7.57
El Salvador,SLV,2007,7.63
El Salvador,SLV,2008,7.53
El Salvador,SLV,2009,7.4
El Salvador,SLV,2010,7.21
El Salvador,SLV,2011,7.14
El Salvador,SLV,2012,7.09
El Salvador,SLV,2013,7.16
El Salvador,SLV,2014,7.34
El Salvador,SLV,2015,7.13
El Salvador,SLV,2016,7.133397009
Estonia,EST,1995,6.23
Estonia,EST,2000,7.6
Estonia,EST,2001,7.67
Estonia,EST,2002,7.76
Estonia,EST,2003,7.91
Estonia,EST,2004,7.98
Estonia,EST,2005,7.96
Estonia,EST,2006,7.97
Estonia,EST,2007,7.85
Estonia,EST,2008,7.77
Estonia,EST,2009,7.7
Estonia,EST,2010,7.82
Estonia,EST,2011,7.74
Estonia,EST,2012,7.68
Estonia,EST,2013,7.66
Estonia,EST,2014,7.8
Estonia,EST,2015,7.95
Estonia,EST,2016,7.837735993
Ethiopia,ETH,2005,5.54
Ethiopia,ETH,2006,5.68
Ethiopia,ETH,2007,5.74
Ethiopia,ETH,2008,5.35
Ethiopia,ETH,2009,5.78
Ethiopia,ETH,2010,5.6
Ethiopia,ETH,2011,5.16
Ethiopia,ETH,2012,5.58
Ethiopia,ETH,2013,5.53
Ethiopia,ETH,2014,5.46
Ethiopia,ETH,2015,5.53
Ethiopia,ETH,2016,5.746327451
Fiji,FJI,1975,5.27
Fiji,FJI,1980,5.57
Fiji,FJI,1985,5.97
Fiji,FJI,1990,5.72
Fiji,FJI,1995,6.11
Fiji,FJI,2000,6.65
Fiji,FJI,2001,6.51
Fiji,FJI,2002,6.57
Fiji,FJI,2003,6.53
Fiji,FJI,2004,6.73
Fiji,FJI,2005,7.32
Fiji,FJI,2006,7.13
Fiji,FJI,2007,7.2
Fiji,FJI,2008,7.26
Fiji,FJI,2009,7.08
Fiji,FJI,2010,6.93
Fiji,FJI,2011,7.09
Fiji,FJI,2012,7
Fiji,FJI,2013,6.55
Fiji,FJI,2014,6.6
Fiji,FJI,2015,6.68
Fiji,FJI,2016,6.808111223
Finland,FIN,1950,5.727278461
Finland,FIN,1955,5.762723401
Finland,FIN,1960,6.119668278
Finland,FIN,1965,6.351752217
Finland,FIN,1970,7.12
Finland,FIN,1975,6.05
Finland,FIN,1980,6.5
Finland,FIN,1985,6.77
Finland,FIN,1990,6.99
Finland,FIN,1995,7.52
Finland,FIN,2000,7.98
Finland,FIN,2001,8
Finland,FIN,2002,7.9
Finland,FIN,2003,7.91
Finland,FIN,2004,7.87
Finland,FIN,2005,7.86
Finland,FIN,2006,7.88
Finland,FIN,2007,7.91
Finland,FIN,2008,7.81
Finland,FIN,2009,7.71
Finland,FIN,2010,7.79
Finland,FIN,2011,7.87
Finland,FIN,2012,7.81
Finland,FIN,2013,7.67
Finland,FIN,2014,7.79
Finland,FIN,2015,7.73
Finland,FIN,2016,7.620819275
France,FRA,1950,5.601627698
France,FRA,1955,5.479187554
France,FRA,1960,5.528612457
France,FRA,1965,5.625965855
France,FRA,1970,6.51
France,FRA,1975,5.81
France,FRA,1980,6.05
France,FRA,1985,6.03
France,FRA,1990,7.04
France,FRA,1995,6.97
France,FRA,2000,7.47
France,FRA,2001,7.23
France,FRA,2002,7.27
France,FRA,2003,7.31
France,FRA,2004,7.38
France,FRA,2005,7.31
France,FRA,2006,7.32
France,FRA,2007,7.5
France,FRA,2008,7.42
France,FRA,2009,7.43
France,FRA,2010,7.42
France,FRA,2011,7.33
France,FRA,2012,7.27
France,FRA,2013,7.2
France,FRA,2014,7.36
France,FRA,2015,7.35
France,FRA,2016,7.23569039
Gabon,GAB,1960,4.48222709
Gabon,GAB,1965,4.920562213
Gabon,GAB,1980,4.38
Gabon,GAB,1985,5.28
Gabon,GAB,1990,5.39
Gabon,GAB,1995,5.3
Gabon,GAB,2000,5.71
Gabon,GAB,2001,5.46
Gabon,GAB,2002,5.4
Gabon,GAB,2003,5.47
Gabon,GAB,2004,5.69
Gabon,GAB,2005,5.71
Gabon,GAB,2006,5.89
Gabon,GAB,2007,5.81
Gabon,GAB,2008,5.85
Gabon,GAB,2009,5.8
Gabon,GAB,2010,5.54
Gabon,GAB,2011,5.44
Gabon,GAB,2012,5.37
Gabon,GAB,2013,5.42
Gabon,GAB,2014,5.57
Gabon,GAB,2015,5.76
Gabon,GAB,2016,5.864793558
Gambia,GMB,2010,7.24
Gambia,GMB,2011,7.04
Gambia,GMB,2012,6.87
Gambia,GMB,2013,7.28
Gambia,GMB,2014,7.35
Gambia,GMB,2015,7.24
Gambia,GMB,2016,7.359703603
Georgia,GEO,2003,7.11
Georgia,GEO,2004,6.96
Georgia,GEO,2005,7.42
Georgia,GEO,2006,7.6
Georgia,GEO,2007,7.46
Georgia,GEO,2008,7.57
Georgia,GEO,2009,7.41
Georgia,GEO,2010,7.5
Georgia,GEO,2011,7.64
Georgia,GEO,2012,7.75
Georgia,GEO,2013,7.83
Georgia,GEO,2014,8.02
Georgia,GEO,2015,8.01
Georgia,GEO,2016,8.02
Germany,DEU,1950,6.053795567
Germany,DEU,1955,5.997955225
Germany,DEU,1960,6.609845189
Germany,DEU,1965,6.715639492
Germany,DEU,1970,7.4
Germany,DEU,1975,6.76
Germany,DEU,1980,7.18
Germany,DEU,1985,7.27
Germany,DEU,1990,7.64
Germany,DEU,1995,7.62
Germany,DEU,2000,7.8
Germany,DEU,2001,7.65
Germany,DEU,2002,7.66
Germany,DEU,2003,7.75
Germany,DEU,2004,7.7
Germany,DEU,2005,7.75
Germany,DEU,2006,7.7
Germany,DEU,2007,7.58
Germany,DEU,2008,7.5
Germany,DEU,2009,7.55
Germany,DEU,2010,7.59
Germany,DEU,2011,7.68
Germany,DEU,2012,7.64
Germany,DEU,2013,7.63
Germany,DEU,2014,7.67
Germany,DEU,2015,7.68
Germany,DEU,2016,7.679705306
Ghana,GHA,1955,3.65373117
Ghana,GHA,1960,3.872347647
Ghana,GHA,1965,3.615575153
Ghana,GHA,1975,3.6
Ghana,GHA,1980,2.83
Ghana,GHA,1985,3.16
Ghana,GHA,1990,4.95
Ghana,GHA,1995,5.43
Ghana,GHA,2000,5.82
Ghana,GHA,2001,5.98
Ghana,GHA,2002,6.24
Ghana,GHA,2003,6.49
Ghana,GHA,2004,6.55
Ghana,GHA,2005,6.42
Ghana,GHA,2006,6.92
Ghana,GHA,2007,6.88
Ghana,GHA,2008,6.82
Ghana,GHA,2009,6.87
Ghana,GHA,2010,6.75
Ghana,GHA,2011,6.76
Ghana,GHA,2012,6.44
Ghana,GHA,2013,6.54
Ghana,GHA,2014,6.41
Ghana,GHA,2015,6.52
Ghana,GHA,2016,6.601015102
Greece,GRC,1950,4.980283546
Greece,GRC,1955,5.08613366
Greece,GRC,1960,5.307334965
Greece,GRC,1965,5.282998251
Greece,GRC,1970,6.47
Greece,GRC,1975,5.82
Greece,GRC,1980,5.72
Greece,GRC,1985,5.1
Greece,GRC,1990,5.95
Greece,GRC,1995,6.4
Greece,GRC,2000,6.97
Greece,GRC,2001,6.88
Greece,GRC,2002,7
Greece,GRC,2003,7.32
Greece,GRC,2004,7.26
Greece,GRC,2005,7.38
Greece,GRC,2006,7.27
Greece,GRC,2007,7.32
Greece,GRC,2008,7.1
Greece,GRC,2009,6.96
Greece,GRC,2010,6.81
Greece,GRC,2011,6.69
Greece,GRC,2012,6.67
Greece,GRC,2013,6.89
Greece,GRC,2014,6.81
Greece,GRC,2015,6.36
Greece,GRC,2016,6.492319707
Guatemala,GTM,1950,4.722732328
Guatemala,GTM,1955,4.818694456
Guatemala,GTM,1960,5.016163603
Guatemala,GTM,1965,4.751234759
Guatemala,GTM,1970,6.69
Guatemala,GTM,1975,7.24
Guatemala,GTM,1980,6.27
Guatemala,GTM,1985,5.01
Guatemala,GTM,1990,5.81
Guatemala,GTM,1995,7.15
Guatemala,GTM,2000,6.85
Guatemala,GTM,2001,6.89
Guatemala,GTM,2002,6.94
Guatemala,GTM,2003,7.09
Guatemala,GTM,2004,7.22
Guatemala,GTM,2005,7.22
Guatemala,GTM,2006,7.33
Guatemala,GTM,2007,7.34
Guatemala,GTM,2008,7.21
Guatemala,GTM,2009,7.15
Guatemala,GTM,2010,7.15
Guatemala,GTM,2011,7.22
Guatemala,GTM,2012,7.41
Guatemala,GTM,2013,7.62
Guatemala,GTM,2014,7.65
Guatemala,GTM,2015,7.69
Guatemala,GTM,2016,7.623024421
Guinea,GIN,2013,5.64
Guinea,GIN,2014,5.62
Guinea,GIN,2015,5.75
Guinea,GIN,2016,5.9311292
Guinea-Bissau,GNB,1990,2.9
Guinea-Bissau,GNB,1995,3.12
Guinea-Bissau,GNB,2000,4.3
Guinea-Bissau,GNB,2001,4.87
Guinea-Bissau,GNB,2002,4.93
Guinea-Bissau,GNB,2003,4.94
Guinea-Bissau,GNB,2004,4.84
Guinea-Bissau,GNB,2005,4.8
Guinea-Bissau,GNB,2006,5.05
Guinea-Bissau,GNB,2007,4.78
Guinea-Bissau,GNB,2008,4.81
Guinea-Bissau,GNB,2009,5.19
Guinea-Bissau,GNB,2010,5.05
Guinea-Bissau,GNB,2011,5.62
Guinea-Bissau,GNB,2012,5.96
Guinea-Bissau,GNB,2013,5.77
Guinea-Bissau,GNB,2014,5.44
Guinea-Bissau,GNB,2015,5.65
Guinea-Bissau,GNB,2016,5.204764232
Guyana,GUY,1955,3.695098499
Guyana,GUY,1960,3.851227349
Guyana,GUY,1965,3.931655613
Guyana,GUY,1985,3.27
Guyana,GUY,1995,5
Guyana,GUY,2000,6.45
Guyana,GUY,2001,6.27
Guyana,GUY,2002,6.04
Guyana,GUY,2003,6.23
Guyana,GUY,2004,5.76
Guyana,GUY,2005,5.85
Guyana,GUY,2006,6
Guyana,GUY,2007,6.2
Guyana,GUY,2008,6.4
Guyana,GUY,2009,6.33
Guyana,GUY,2010,6.21
Guyana,GUY,2011,6.31
Guyana,GUY,2012,6.3
Guyana,GUY,2013,6.02
Guyana,GUY,2014,6.22
Guyana,GUY,2015,6.45
Guyana,GUY,2016,6.319215573
Haiti,HTI,1955,4.301174824
Haiti,HTI,1960,4.474416652
Haiti,HTI,1965,4.601578879
Haiti,HTI,1980,5.35
Haiti,HTI,1985,4.97
Haiti,HTI,1990,4.96
Haiti,HTI,1995,5.43
Haiti,HTI,2000,7.06
Haiti,HTI,2001,6.47
Haiti,HTI,2002,6.52
Haiti,HTI,2003,6.62
Haiti,HTI,2004,6.73
Haiti,HTI,2005,6.66
Haiti,HTI,2006,6.71
Haiti,HTI,2007,6.63
Haiti,HTI,2008,6.76
Haiti,HTI,2009,6.79
Haiti,HTI,2010,6.21
Haiti,HTI,2011,6.29
Haiti,HTI,2012,6
Haiti,HTI,2013,6.36
Haiti,HTI,2014,6.58
Haiti,HTI,2015,6.53
Haiti,HTI,2016,6.540483644
Honduras,HND,1950,5.581895323
Honduras,HND,1955,5.487791144
Honduras,HND,1960,5.547359223
Honduras,HND,1965,5.493456773
Honduras,HND,1980,5.44
Honduras,HND,1985,5.73
Honduras,HND,1990,5.7
Honduras,HND,1995,6.52
Honduras,HND,2000,6.9
Honduras,HND,2001,6.75
Honduras,HND,2002,6.87
Honduras,HND,2003,6.92
Honduras,HND,2004,6.96
Honduras,HND,2005,7.03
Honduras,HND,2006,7.35
Honduras,HND,2007,7.39
Honduras,HND,2008,7.28
Honduras,HND,2009,7.16
Honduras,HND,2010,7.21
Honduras,HND,2011,7.28
Honduras,HND,2012,7.16
Honduras,HND,2013,7.1
Honduras,HND,2014,7.2
Honduras,HND,2015,7.3
Honduras,HND,2016,7.053142395
Hong Kong,HKG,1970,8.34
Hong Kong,HKG,1975,8.42
Hong Kong,HKG,1980,8.72
Hong Kong,HKG,1985,8.34
Hong Kong,HKG,1990,8.73
Hong Kong,HKG,1995,9.11
Hong Kong,HKG,2000,8.92
Hong Kong,HKG,2001,8.89
Hong Kong,HKG,2002,8.79
Hong Kong,HKG,2003,8.84
Hong Kong,HKG,2004,8.81
Hong Kong,HKG,2005,9.05
Hong Kong,HKG,2006,9.11
Hong Kong,HKG,2007,9.16
Hong Kong,HKG,2008,9.19
Hong Kong,HKG,2009,9.09
Hong Kong,HKG,2010,9.02
Hong Kong,HKG,2011,8.99
Hong Kong,HKG,2012,8.96
Hong Kong,HKG,2013,8.94
Hong Kong,HKG,2014,8.99
Hong Kong,HKG,2015,8.95
Hong Kong,HKG,2016,8.971599172
Hungary,HUN,1980,4.07
Hungary,HUN,1985,4.48
Hungary,HUN,1990,4.89
Hungary,HUN,1995,6.17
Hungary,HUN,2000,7.01
Hungary,HUN,2001,7.29
Hungary,HUN,2002,7.01
Hungary,HUN,2003,7.19
Hungary,HUN,2004,7.22
Hungary,HUN,2005,7.2
Hungary,HUN,2006,7.13
Hungary,HUN,2007,7.15
Hungary,HUN,2008,7.2
Hungary,HUN,2009,7.27
Hungary,HUN,2010,7.31
Hungary,HUN,2011,7.38
Hungary,HUN,2012,7.33
Hungary,HUN,2013,7.3
Hungary,HUN,2014,7.36
Hungary,HUN,2015,7.29
Hungary,HUN,2016,7.226473871
Iceland,ISL,1955,5.650711635
Iceland,ISL,1960,5.858064337
Iceland,ISL,1965,5.876654062
Iceland,ISL,1970,5.95
Iceland,ISL,1975,4.53
Iceland,ISL,1980,5.15
Iceland,ISL,1985,5.42
Iceland,ISL,1990,6.92
Iceland,ISL,1995,7.73
Iceland,ISL,2000,7.99
Iceland,ISL,2001,7.91
Iceland,ISL,2002,7.76
Iceland,ISL,2003,8.03
Iceland,ISL,2004,8.06
Iceland,ISL,2005,8.13
Iceland,ISL,2006,8.08
Iceland,ISL,2007,7.93
Iceland,ISL,2008,7.34
Iceland,ISL,2009,6.9
Iceland,ISL,2010,6.48
Iceland,ISL,2011,6.81
Iceland,ISL,2012,6.89
Iceland,ISL,2013,6.93
Iceland,ISL,2014,7.18
Iceland,ISL,2015,7.19
Iceland,ISL,2016,7.212059862
India,IND,1950,4.750593709
India,IND,1955,4.573562574
India,IND,1960,4.849940888
India,IND,1965,4.816031732
India,IND,1970,5.08
India,IND,1975,4.27
India,IND,1980,5.02
India,IND,1985,4.72
India,IND,1990,4.79
India,IND,1995,5.76
India,IND,2000,6.22
India,IND,2001,6.1
India,IND,2002,6.23
India,IND,2003,6.34
India,IND,2004,6.34
India,IND,2005,6.71
India,IND,2006,6.52
India,IND,2007,6.52
India,IND,2008,6.47
India,IND,2009,6.39
India,IND,2010,6.39
India,IND,2011,6.57
India,IND,2012,6.54
India,IND,2013,6.36
India,IND,2014,6.23
India,IND,2015,6.61
India,IND,2016,6.627177736
Indonesia,IDN,1960,4.873369664
Indonesia,IDN,1965,5.091211484
Indonesia,IDN,1970,4.27
Indonesia,IDN,1975,4.78
Indonesia,IDN,1980,4.79
Indonesia,IDN,1985,5.79
Indonesia,IDN,1990,6
Indonesia,IDN,1995,6.3
Indonesia,IDN,2000,5.86
Indonesia,IDN,2001,5.56
Indonesia,IDN,2002,5.8
Indonesia,IDN,2003,6.14
Indonesia,IDN,2004,6.04
Indonesia,IDN,2005,6.35
Indonesia,IDN,2006,6.4
Indonesia,IDN,2007,6.42
Indonesia,IDN,2008,6.39
Indonesia,IDN,2009,6.55
Indonesia,IDN,2010,6.85
Indonesia,IDN,2011,6.87
Indonesia,IDN,2012,6.84
Indonesia,IDN,2013,6.98
Indonesia,IDN,2014,7.02
Indonesia,IDN,2015,6.98
Indonesia,IDN,2016,7.142168145
Iran,IRN,1950,3.905729498
Iran,IRN,1955,3.910845108
Iran,IRN,1960,3.956215031
Iran,IRN,1965,4.133603257
Iran,IRN,1970,5.77
Iran,IRN,1975,5.64
Iran,IRN,1980,3.53
Iran,IRN,1985,3.73
Iran,IRN,1990,4.29
Iran,IRN,1995,4.04
Iran,IRN,2000,5.57
Iran,IRN,2001,5.93
Iran,IRN,2002,5.78
Iran,IRN,2003,5.89
Iran,IRN,2004,6.01
Iran,IRN,2005,6.09
Iran,IRN,2006,6.04
Iran,IRN,2007,6.02
Iran,IRN,2008,6.06
Iran,IRN,2009,5.91
Iran,IRN,2010,5.91
Iran,IRN,2011,5.63
Iran,IRN,2012,4.96
Iran,IRN,2013,5.3
Iran,IRN,2014,4.98
Iran,IRN,2015,5.3
Iran,IRN,2016,6.020622191
Iraq,IRQ,2016,5.407654263
Ireland,IRL,1950,5.807357925
Ireland,IRL,1955,5.736588928
Ireland,IRL,1960,5.843820571
Ireland,IRL,1965,5.971242553
Ireland,IRL,1970,6.75
Ireland,IRL,1975,5.96
Ireland,IRL,1980,6.46
Ireland,IRL,1985,6.53
Ireland,IRL,1990,7.06
Ireland,IRL,1995,8.25
Ireland,IRL,2000,8.08
Ireland,IRL,2001,7.86
Ireland,IRL,2002,7.83
Ireland,IRL,2003,7.91
Ireland,IRL,2004,8.13
Ireland,IRL,2005,8.22
Ireland,IRL,2006,8.11
Ireland,IRL,2007,8.01
Ireland,IRL,2008,7.87
Ireland,IRL,2009,7.76
Ireland,IRL,2010,7.67
Ireland,IRL,2011,7.83
Ireland,IRL,2012,7.98
Ireland,IRL,2013,8.01
Ireland,IRL,2014,8.09
Ireland,IRL,2015,8.18
Ireland,IRL,2016,8.067158288
Israel,ISR,1950,4.789324354
Israel,ISR,1955,4.672453899
Israel,ISR,1960,4.925800927
Israel,ISR,1965,4.907179247
Israel,ISR,1970,4.79
Israel,ISR,1975,4.03
Israel,ISR,1980,3.5
Israel,ISR,1985,4.04
Israel,ISR,1990,4.48
Israel,ISR,1995,5.91
Israel,ISR,2000,6.84
Israel,ISR,2001,6.87
Israel,ISR,2002,7.21
Israel,ISR,2003,6.95
Israel,ISR,2004,7.23
Israel,ISR,2005,7.3
Israel,ISR,2006,7.23
Israel,ISR,2007,7.22
Israel,ISR,2008,7.2
Israel,ISR,2009,7.14
Israel,ISR,2010,7.32
Israel,ISR,2011,7.35
Israel,ISR,2012,7.37
Israel,ISR,2013,7.38
Israel,ISR,2014,7.46
Israel,ISR,2015,7.48
Israel,ISR,2016,7.469375569
Italy,ITA,1950,5.87894413
Italy,ITA,1955,5.580283213
Italy,ITA,1960,5.842926391
Italy,ITA,1965,5.960322259
Italy,ITA,1970,6.37
Italy,ITA,1975,5.37
Italy,ITA,1980,5.58
Italy,ITA,1985,5.78
Italy,ITA,1990,6.75
Italy,ITA,1995,6.62
Italy,ITA,2000,7.59
Italy,ITA,2001,7.47
Italy,ITA,2002,7.49
Italy,ITA,2003,7.2
Italy,ITA,2004,7.29
Italy,ITA,2005,7.37
Italy,ITA,2006,7.25
Italy,ITA,2007,7.15
Italy,ITA,2008,7.07
Italy,ITA,2009,6.97
Italy,ITA,2010,7.19
Italy,ITA,2011,7.22
Italy,ITA,2012,7.22
Italy,ITA,2013,7.16
Italy,ITA,2014,7.25
Italy,ITA,2015,7.31
Italy,ITA,2016,7.272612388
Jamaica,JAM,1955,5.274037129
Jamaica,JAM,1960,5.304726094
Jamaica,JAM,1965,5.90886572
Jamaica,JAM,1980,3.98
Jamaica,JAM,1985,5.09
Jamaica,JAM,1990,5.62
Jamaica,JAM,1995,6.8
Jamaica,JAM,2000,7.53
Jamaica,JAM,2001,7.4
Jamaica,JAM,2002,7.38
Jamaica,JAM,2003,7.46
Jamaica,JAM,2004,7.55
Jamaica,JAM,2005,7.51
Jamaica,JAM,2006,7.5
Jamaica,JAM,2007,7.32
Jamaica,JAM,2008,7.27
Jamaica,JAM,2009,7.26
Jamaica,JAM,2010,6.97
Jamaica,JAM,2011,7
Jamaica,JAM,2012,7.14
Jamaica,JAM,2013,7.29
Jamaica,JAM,2014,7.18
Jamaica,JAM,2015,7.3
Jamaica,JAM,2016,7.198321709
Japan,JPN,1955,6.012764374
Japan,JPN,1960,6.217829624
Japan,JPN,1965,6.449929381
Japan,JPN,1970,7.68
Japan,JPN,1975,6.83
Japan,JPN,1980,7.37
Japan,JPN,1985,7.55
Japan,JPN,1990,7.94
Japan,JPN,1995,7.4
Japan,JPN,2000,7.93
Japan,JPN,2001,7.65
Japan,JPN,2002,7.5
Japan,JPN,2003,7.85
Japan,JPN,2004,7.77
Japan,JPN,2005,7.83
Japan,JPN,2006,7.85
Japan,JPN,2007,7.78
Japan,JPN,2008,7.65
Japan,JPN,2009,7.52
Japan,JPN,2010,7.59
Japan,JPN,2011,7.49
Japan,JPN,2012,7.66
Japan,JPN,2013,7.51
Japan,JPN,2014,7.55
Japan,JPN,2015,7.49
Japan,JPN,2016,7.470801386
Jordan,JOR,1955,4.275350734
Jordan,JOR,1960,4.345444157
Jordan,JOR,1965,4.828534935
Jordan,JOR,1975,4.83
Jordan,JOR,1980,5.13
Jordan,JOR,1985,5.5
Jordan,JOR,1990,5.43
Jordan,JOR,1995,6.14
Jordan,JOR,2000,7.06
Jordan,JOR,2001,6.89
Jordan,JOR,2002,6.93
Jordan,JOR,2003,6.95
Jordan,JOR,2004,6.92
Jordan,JOR,2005,7.3
Jordan,JOR,2006,7.22
Jordan,JOR,2007,7.4
Jordan,JOR,2008,7.17
Jordan,JOR,2009,7.23
Jordan,JOR,2010,7.45
Jordan,JOR,2011,7.48
Jordan,JOR,2012,7.56
Jordan,JOR,2013,7.65
Jordan,JOR,2014,7.54
Jordan,JOR,2015,7.47
Jordan,JOR,2016,7.469710428
Kazakhstan,KAZ,2005,6.88
Kazakhstan,KAZ,2006,6.98
Kazakhstan,KAZ,2007,7.15
Kazakhstan,KAZ,2008,7.04
Kazakhstan,KAZ,2009,7.07
Kazakhstan,KAZ,2010,6.94
Kazakhstan,KAZ,2011,6.97
Kazakhstan,KAZ,2012,7.14
Kazakhstan,KAZ,2013,7.12
Kazakhstan,KAZ,2014,7.22
Kazakhstan,KAZ,2015,7.18
Kazakhstan,KAZ,2016,7.118116418
Kenya,KEN,1960,5.427192297
Kenya,KEN,1965,5.246058457
Kenya,KEN,1970,5.11
Kenya,KEN,1975,4.8
Kenya,KEN,1980,4.84
Kenya,KEN,1985,5.28
Kenya,KEN,1990,5.37
Kenya,KEN,1995,5.85
Kenya,KEN,2000,7.07
Kenya,KEN,2001,7.15
Kenya,KEN,2002,6.81
Kenya,KEN,2003,6.93
Kenya,KEN,2004,6.74
Kenya,KEN,2005,7.15
Kenya,KEN,2006,7.03
Kenya,KEN,2007,7.1
Kenya,KEN,2008,6.77
Kenya,KEN,2009,6.9
Kenya,KEN,2010,6.92
Kenya,KEN,2011,6.94
Kenya,KEN,2012,7.09
Kenya,KEN,2013,7.1
Kenya,KEN,2014,7.1
Kenya,KEN,2015,7.11
Kenya,KEN,2016,7.214441717
Kuwait,KWT,1980,3.69
Kuwait,KWT,1985,5.46
Kuwait,KWT,1990,4.98
Kuwait,KWT,1995,6.41
Kuwait,KWT,2000,6.97
Kuwait,KWT,2001,7.45
Kuwait,KWT,2002,7.48
Kuwait,KWT,2003,7.51
Kuwait,KWT,2004,7.09
Kuwait,KWT,2005,7.08
Kuwait,KWT,2006,7.19
Kuwait,KWT,2007,7.33
Kuwait,KWT,2008,7.03
Kuwait,KWT,2009,7.1
Kuwait,KWT,2010,6.95
Kuwait,KWT,2011,6.93
Kuwait,KWT,2012,6.93
Kuwait,KWT,2013,6.81
Kuwait,KWT,2014,6.81
Kuwait,KWT,2015,6.62
Kuwait,KWT,2016,6.762842638
Kyrgyzstan,KGZ,2005,6.54
Kyrgyzstan,KGZ,2006,6.9
Kyrgyzstan,KGZ,2007,7.01
Kyrgyzstan,KGZ,2008,6.82
Kyrgyzstan,KGZ,2009,6.91
Kyrgyzstan,KGZ,2010,6.61
Kyrgyzstan,KGZ,2011,6.62
Kyrgyzstan,KGZ,2012,6.67
Kyrgyzstan,KGZ,2013,6.72
Kyrgyzstan,KGZ,2014,6.98
Kyrgyzstan,KGZ,2015,6.9
Kyrgyzstan,KGZ,2016,6.928605538
Laos,LAO,2014,6.95
Laos,LAO,2015,6.98
Laos,LAO,2016,6.897792969
Latvia,LVA,1995,5.68
Latvia,LVA,2000,7.24
Latvia,LVA,2001,7.23
Latvia,LVA,2002,7.47
Latvia,LVA,2003,7.33
Latvia,LVA,2004,7.41
Latvia,LVA,2005,7.42
Latvia,LVA,2006,7.56
Latvia,LVA,2007,7.49
Latvia,LVA,2008,7.42
Latvia,LVA,2009,7.28
Latvia,LVA,2010,7.23
Latvia,LVA,2011,7.34
Latvia,LVA,2012,7.56
Latvia,LVA,2013,7.65
Latvia,LVA,2014,7.81
Latvia,LVA,2015,7.77
Latvia,LVA,2016,7.642272018
Lebanon,LBN,2010,7.21
Lebanon,LBN,2011,7.18
Lebanon,LBN,2012,6.96
Lebanon,LBN,2013,6.87
Lebanon,LBN,2014,6.9
Lebanon,LBN,2015,6.91
Lebanon,LBN,2016,7.0162559
Lesotho,LSO,2005,5.74
Lesotho,LSO,2006,5.98
Lesotho,LSO,2007,5.84
Lesotho,LSO,2008,6.07
Lesotho,LSO,2009,6.03
Lesotho,LSO,2010,6.08
Lesotho,LSO,2011,6.21
Lesotho,LSO,2012,6.19
Lesotho,LSO,2013,6.3
Lesotho,LSO,2014,6.59
Lesotho,LSO,2015,6.57
Lesotho,LSO,2016,6.381731401
Liberia,LBR,2014,7.14
Liberia,LBR,2015,6.79
Liberia,LBR,2016,6.558400412
Libya,LBY,2013,4.77
Libya,LBY,2014,4.78
Libya,LBY,2015,4.95
Libya,LBY,2016,4.773094763
Lithuania,LTU,1995,5.47
Lithuania,LTU,2000,6.92
Lithuania,LTU,2001,6.87
Lithuania,LTU,2002,7.16
Lithuania,LTU,2003,7.17
Lithuania,LTU,2004,7.41
Lithuania,LTU,2005,7.37
Lithuania,LTU,2006,7.46
Lithuania,LTU,2007,7.54
Lithuania,LTU,2008,7.44
Lithuania,LTU,2009,7.55
Lithuania,LTU,2010,7.47
Lithuania,LTU,2011,7.5
Lithuania,LTU,2012,7.52
Lithuania,LTU,2013,7.69
Lithuania,LTU,2014,7.91
Lithuania,LTU,2015,7.94
Lithuania,LTU,2016,7.849591595
Luxembourg,LUX,1950,6.455048331
Luxembourg,LUX,1955,6.627958531
Luxembourg,LUX,1960,7.264212724
Luxembourg,LUX,1965,7.369133501
Luxembourg,LUX,1970,8.01
Luxembourg,LUX,1975,8.48
Luxembourg,LUX,1980,8.05
Luxembourg,LUX,1985,8.39
Luxembourg,LUX,1990,8.07
Luxembourg,LUX,1995,7.9
Luxembourg,LUX,2000,8.18
Luxembourg,LUX,2001,8.18
Luxembourg,LUX,2002,7.93
Luxembourg,LUX,2003,7.97
Luxembourg,LUX,2004,7.98
Luxembourg,LUX,2005,7.6
Luxembourg,LUX,2006,7.6
Luxembourg,LUX,2007,7.62
Luxembourg,LUX,2008,7.62
Luxembourg,LUX,2009,7.51
Luxembourg,LUX,2010,7.53
Luxembourg,LUX,2011,7.48
Luxembourg,LUX,2012,7.46
Luxembourg,LUX,2013,7.58
Luxembourg,LUX,2014,7.78
Luxembourg,LUX,2015,7.64
Luxembourg,LUX,2016,7.586641726
Macedonia,MKD,2003,6.14
Macedonia,MKD,2004,6.07
Macedonia,MKD,2005,6.42
Macedonia,MKD,2006,6.61
Macedonia,MKD,2007,6.72
Macedonia,MKD,2008,6.83
Macedonia,MKD,2009,6.89
Macedonia,MKD,2010,6.93
Macedonia,MKD,2011,7.11
Macedonia,MKD,2012,7.23
Macedonia,MKD,2013,7.15
Macedonia,MKD,2014,7.24
Macedonia,MKD,2015,7.16
Macedonia,MKD,2016,7.122560119
Madagascar,MDG,1960,4.082319636
Madagascar,MDG,1965,4.453996319
Madagascar,MDG,1970,5.43
Madagascar,MDG,1980,3.87
Madagascar,MDG,1985,4.21
Madagascar,MDG,1990,4.35
Madagascar,MDG,1995,4.44
Madagascar,MDG,2000,5.87
Madagascar,MDG,2001,6.3
Madagascar,MDG,2002,5.81
Madagascar,MDG,2003,6
Madagascar,MDG,2004,5.73
Madagascar,MDG,2005,5.68
Madagascar,MDG,2006,5.74
Madagascar,MDG,2007,6.16
Madagascar,MDG,2008,6.07
Madagascar,MDG,2009,6.25
Madagascar,MDG,2010,6.38
Madagascar,MDG,2011,6.17
Madagascar,MDG,2012,6.45
Madagascar,MDG,2013,6.57
Madagascar,MDG,2014,6.41
Madagascar,MDG,2015,6.44
Madagascar,MDG,2016,6.174695918
Malawi,MWI,1965,4.351437968
Malawi,MWI,1975,5.12
Malawi,MWI,1980,4.48
Malawi,MWI,1985,4.89
Malawi,MWI,1990,5.32
Malawi,MWI,1995,4.31
Malawi,MWI,2000,5.05
Malawi,MWI,2001,5.6
Malawi,MWI,2002,5.68
Malawi,MWI,2003,6.11
Malawi,MWI,2004,5.9
Malawi,MWI,2005,5.37
Malawi,MWI,2006,5.56
Malawi,MWI,2007,5.85
Malawi,MWI,2008,6.17
Malawi,MWI,2009,6.22
Malawi,MWI,2010,6.27
Malawi,MWI,2011,6.52
Malawi,MWI,2012,6.18
Malawi,MWI,2013,5.9
Malawi,MWI,2014,5.94
Malawi,MWI,2015,5.87
Malawi,MWI,2016,5.86902225
Malaysia,MYS,1950,5.945910778
Malaysia,MYS,1955,5.719623333
Malaysia,MYS,1960,5.983165111
Malaysia,MYS,1965,5.957623331
Malaysia,MYS,1970,6.25
Malaysia,MYS,1975,6.05
Malaysia,MYS,1980,6.61
Malaysia,MYS,1985,6.68
Malaysia,MYS,1990,7.26
Malaysia,MYS,1995,7.36
Malaysia,MYS,2000,6.64
Malaysia,MYS,2001,6.22
Malaysia,MYS,2002,6.33
Malaysia,MYS,2003,6.4
Malaysia,MYS,2004,6.59
Malaysia,MYS,2005,6.84
Malaysia,MYS,2006,6.8
Malaysia,MYS,2007,6.88
Malaysia,MYS,2008,6.61
Malaysia,MYS,2009,6.6
Malaysia,MYS,2010,6.85
Malaysia,MYS,2011,6.86
Malaysia,MYS,2012,6.85
Malaysia,MYS,2013,7.07
Malaysia,MYS,2014,7.1
Malaysia,MYS,2015,7.17
Malaysia,MYS,2016,6.913130396
Mali,MLI,1960,4.311986211
Mali,MLI,1965,4.247406456
Mali,MLI,1975,5.81
Mali,MLI,1980,5.79
Mali,MLI,1985,4.88
Mali,MLI,1990,5.2
Mali,MLI,1995,4.84
Mali,MLI,2000,5.99
Mali,MLI,2001,5.71
Mali,MLI,2002,5.45
Mali,MLI,2003,5.91
Mali,MLI,2004,5.66
Mali,MLI,2005,5.82
Mali,MLI,2006,6.09
Mali,MLI,2007,6.16
Mali,MLI,2008,5.89
Mali,MLI,2009,6.04
Mali,MLI,2010,6.04
Mali,MLI,2011,5.92
Mali,MLI,2012,5.99
Mali,MLI,2013,5.92
Mali,MLI,2014,5.98
Mali,MLI,2015,5.89
Mali,MLI,2016,5.794917503
Malta,MLT,1960,5.130143976
Malta,MLT,1965,5.235433618
Malta,MLT,1980,5.57
Malta,MLT,1985,5.34
Malta,MLT,1990,5.54
Malta,MLT,1995,7
Malta,MLT,2000,6.98
Malta,MLT,2001,6.98
Malta,MLT,2002,6.89
Malta,MLT,2003,6.52
Malta,MLT,2004,7.22
Malta,MLT,2005,7.55
Malta,MLT,2006,7.37
Malta,MLT,2007,7.74
Malta,MLT,2008,7.59
Malta,MLT,2009,7.64
Malta,MLT,2010,7.59
Malta,MLT,2011,7.67
Malta,MLT,2012,7.63
Malta,MLT,2013,7.62
Malta,MLT,2014,7.8
Malta,MLT,2015,7.71
Malta,MLT,2016,7.740315514
Mauritania,MRT,2005,6.3
Mauritania,MRT,2006,5.9
Mauritania,MRT,2007,5.9
Mauritania,MRT,2008,5.98
Mauritania,MRT,2009,6.04
Mauritania,MRT,2010,5.77
Mauritania,MRT,2011,5.78
Mauritania,MRT,2012,5.68
Mauritania,MRT,2013,5.6
Mauritania,MRT,2014,5.6
Mauritania,MRT,2015,5.56
Mauritania,MRT,2016,5.962612389
Mauritius,MUS,1960,5.549123416
Mauritius,MUS,1965,5.94504779
Mauritius,MUS,1975,5.21
Mauritius,MUS,1980,4.9
Mauritius,MUS,1985,6.38
Mauritius,MUS,1990,6.12
Mauritius,MUS,1995,7.81
Mauritius,MUS,2000,7.54
Mauritius,MUS,2001,7.35
Mauritius,MUS,2002,7.09
Mauritius,MUS,2003,7.17
Mauritius,MUS,2004,7.05
Mauritius,MUS,2005,7.53
Mauritius,MUS,2006,7.37
Mauritius,MUS,2007,7.89
Mauritius,MUS,2008,7.96
Mauritius,MUS,2009,7.85
Mauritius,MUS,2010,7.98
Mauritius,MUS,2011,8.05
Mauritius,MUS,2012,8.15
Mauritius,MUS,2013,8.12
Mauritius,MUS,2014,8.02
Mauritius,MUS,2015,8.03
Mauritius,MUS,2016,7.995281457
Mexico,MEX,1950,4.937049001
Mexico,MEX,1955,5.085796474
Mexico,MEX,1960,5.159847888
Mexico,MEX,1965,5.333768367
Mexico,MEX,1970,6.78
Mexico,MEX,1975,5.73
Mexico,MEX,1980,5.19
Mexico,MEX,1985,4.67
Mexico,MEX,1990,6.26
Mexico,MEX,1995,6.46
Mexico,MEX,2000,6.6
Mexico,MEX,2001,6.54
Mexico,MEX,2002,6.75
Mexico,MEX,2003,6.74
Mexico,MEX,2004,6.84
Mexico,MEX,2005,6.83
Mexico,MEX,2006,6.87
Mexico,MEX,2007,6.78
Mexico,MEX,2008,6.71
Mexico,MEX,2009,6.6
Mexico,MEX,2010,6.74
Mexico,MEX,2011,6.75
Mexico,MEX,2012,6.78
Mexico,MEX,2013,6.82
Mexico,MEX,2014,6.93
Mexico,MEX,2015,6.96
Mexico,MEX,2016,6.895887517
Moldova,MDA,2005,6.73
Moldova,MDA,2006,6.74
Moldova,MDA,2007,6.79
Moldova,MDA,2008,6.91
Moldova,MDA,2009,6.66
Moldova,MDA,2010,6.58
Moldova,MDA,2011,6.7
Moldova,MDA,2012,6.64
Moldova,MDA,2013,6.53
Moldova,MDA,2014,6.65
Moldova,MDA,2015,6.57
Moldova,MDA,2016,6.629613844
Mongolia,MNG,2004,6.81
Mongolia,MNG,2005,7.08
Mongolia,MNG,2006,7.2
Mongolia,MNG,2007,6.89
Mongolia,MNG,2008,6.73
Mongolia,MNG,2009,7.03
Mongolia,MNG,2010,7.06
Mongolia,MNG,2011,7.17
Mongolia,MNG,2012,7.02
Mongolia,MNG,2013,7.21
Mongolia,MNG,2014,7.39
Mongolia,MNG,2015,7.45
Mongolia,MNG,2016,7.395856246
Montenegro,MNE,2005,6.3
Montenegro,MNE,2006,6.91
Montenegro,MNE,2007,7.04
Montenegro,MNE,2008,7.19
Montenegro,MNE,2009,7.16
Montenegro,MNE,2010,7.33
Montenegro,MNE,2011,7.14
Montenegro,MNE,2012,7.25
Montenegro,MNE,2013,7.05
Montenegro,MNE,2014,7.23
Montenegro,MNE,2015,6.77
Montenegro,MNE,2016,7.050268253
Morocco,MAR,1950,4.938975934
Morocco,MAR,1955,4.93845153
Morocco,MAR,1960,5.375537872
Morocco,MAR,1965,4.813810606
Morocco,MAR,1970,4.74
Morocco,MAR,1975,4.91
Morocco,MAR,1980,4.29
Morocco,MAR,1985,5
Morocco,MAR,1990,4.98
Morocco,MAR,1995,5.85
Morocco,MAR,2000,5.93
Morocco,MAR,2001,5.78
Morocco,MAR,2002,5.86
Morocco,MAR,2003,6.04
Morocco,MAR,2004,6.03
Morocco,MAR,2005,6.28
Morocco,MAR,2006,6.14
Morocco,MAR,2007,6.21
Morocco,MAR,2008,6.22
Morocco,MAR,2009,6.26
Morocco,MAR,2010,6.41
Morocco,MAR,2011,6.47
Morocco,MAR,2012,6.34
Morocco,MAR,2013,6.34
Morocco,MAR,2014,6.28
Morocco,MAR,2015,6.31
Morocco,MAR,2016,6.339798901
Mozambique,MOZ,2003,5.84
Mozambique,MOZ,2004,5.61
Mozambique,MOZ,2005,5.45
Mozambique,MOZ,2006,5.49
Mozambique,MOZ,2007,5.61
Mozambique,MOZ,2008,5.67
Mozambique,MOZ,2009,5.47
Mozambique,MOZ,2010,5.51
Mozambique,MOZ,2011,5.77
Mozambique,MOZ,2012,5.93
Mozambique,MOZ,2013,5.78
Mozambique,MOZ,2014,5.75
Mozambique,MOZ,2015,5.63
Mozambique,MOZ,2016,5.479430172
Myanmar,MMR,1950,3.748533857
Myanmar,MMR,1955,3.675707225
Myanmar,MMR,1960,3.630128353
Myanmar,MMR,1965,3.476775643
Myanmar,MMR,1980,3.81
Myanmar,MMR,1985,3.52
Myanmar,MMR,1990,2.66
Myanmar,MMR,1995,3.21
Myanmar,MMR,2000,3.65
Myanmar,MMR,2001,3.72
Myanmar,MMR,2002,3.34
Myanmar,MMR,2003,3.45
Myanmar,MMR,2004,3.79
Myanmar,MMR,2005,3.99
Myanmar,MMR,2006,4.31
Myanmar,MMR,2007,3.73
Myanmar,MMR,2008,3.86
Myanmar,MMR,2009,4.22
Myanmar,MMR,2010,4.15
Myanmar,MMR,2011,4.2
Myanmar,MMR,2012,5.09
Myanmar,MMR,2013,5.36
Myanmar,MMR,2014,5.41
Myanmar,MMR,2015,5.26
Myanmar,MMR,2016,5.41638899
Namibia,NAM,1990,4.9
Namibia,NAM,1995,5.64
Namibia,NAM,2000,6.65
Namibia,NAM,2001,6.4
Namibia,NAM,2002,6.62
Namibia,NAM,2003,6.72
Namibia,NAM,2004,6.53
Namibia,NAM,2005,6.65
Namibia,NAM,2006,6.63
Namibia,NAM,2007,6.95
Namibia,NAM,2008,6.83
Namibia,NAM,2009,6.88
Namibia,NAM,2010,6.87
Namibia,NAM,2011,6.58
Namibia,NAM,2012,6.77
Namibia,NAM,2013,6.83
Namibia,NAM,2014,6.97
Namibia,NAM,2015,6.76
Namibia,NAM,2016,6.413544685
Nepal,NPL,1960,4.401583802
Nepal,NPL,1965,5.151886857
Nepal,NPL,1980,5.77
Nepal,NPL,1985,5.27
Nepal,NPL,1990,5.37
Nepal,NPL,1995,5.33
Nepal,NPL,2000,5.78
Nepal,NPL,2001,5.8
Nepal,NPL,2002,5.87
Nepal,NPL,2003,5.65
Nepal,NPL,2004,5.59
Nepal,NPL,2005,6.41
Nepal,NPL,2006,6.59
Nepal,NPL,2007,6.18
Nepal,NPL,2008,6.03
Nepal,NPL,2009,5.86
Nepal,NPL,2010,6.2
Nepal,NPL,2011,6.12
Nepal,NPL,2012,6.12
Nepal,NPL,2013,6.36
Nepal,NPL,2014,6.45
Nepal,NPL,2015,6.5
Nepal,NPL,2016,6.527727586
Netherlands,NLD,1950,5.876282629
Netherlands,NLD,1955,6.044377133
Netherlands,NLD,1960,6.384143308
Netherlands,NLD,1965,6.523361352
Netherlands,NLD,1970,7.01
Netherlands,NLD,1975,6.6
Netherlands,NLD,1980,7.29
Netherlands,NLD,1985,7.34
Netherlands,NLD,1990,7.56
Netherlands,NLD,1995,7.96
Netherlands,NLD,2000,7.96
Netherlands,NLD,2001,7.75
Netherlands,NLD,2002,7.72
Netherlands,NLD,2003,7.76
Netherlands,NLD,2004,7.75
Netherlands,NLD,2005,7.73
Netherlands,NLD,2006,7.66
Netherlands,NLD,2007,7.64
Netherlands,NLD,2008,7.58
Netherlands,NLD,2009,7.44
Netherlands,NLD,2010,7.48
Netherlands,NLD,2011,7.58
Netherlands,NLD,2012,7.54
Netherlands,NLD,2013,7.59
Netherlands,NLD,2014,7.74
Netherlands,NLD,2015,7.73
Netherlands,NLD,2016,7.697608946
New Zealand,NZL,1950,5.852072014
New Zealand,NZL,1955,5.699862645
New Zealand,NZL,1960,5.80197023
New Zealand,NZL,1965,5.869594754
New Zealand,NZL,1970,6.62
New Zealand,NZL,1975,5.77
New Zealand,NZL,1980,6.44
New Zealand,NZL,1985,6.29
New Zealand,NZL,1990,7.86
New Zealand,NZL,1995,8.84
New Zealand,NZL,2000,8.58
New Zealand,NZL,2001,8.38
New Zealand,NZL,2002,8.43
New Zealand,NZL,2003,8.57
New Zealand,NZL,2004,8.52
New Zealand,NZL,2005,8.44
New Zealand,NZL,2006,8.26
New Zealand,NZL,2007,8.39
New Zealand,NZL,2008,8.4
New Zealand,NZL,2009,8.1
New Zealand,NZL,2010,8.17
New Zealand,NZL,2011,8.39
New Zealand,NZL,2012,8.47
New Zealand,NZL,2013,8.45
New Zealand,NZL,2014,8.48
New Zealand,NZL,2015,8.48
New Zealand,NZL,2016,8.490329773
Nicaragua,NIC,1950,3.792339062
Nicaragua,NIC,1955,3.68924273
Nicaragua,NIC,1960,3.810698079
Nicaragua,NIC,1965,3.497727869
Nicaragua,NIC,1980,3.49
Nicaragua,NIC,1985,1.97
Nicaragua,NIC,1990,2.87
Nicaragua,NIC,1995,6.02
Nicaragua,NIC,2000,6.91
Nicaragua,NIC,2001,6.63
Nicaragua,NIC,2002,6.91
Nicaragua,NIC,2003,6.96
Nicaragua,NIC,2004,6.87
Nicaragua,NIC,2005,7.15
Nicaragua,NIC,2006,7.25
Nicaragua,NIC,2007,7.29
Nicaragua,NIC,2008,7.12
Nicaragua,NIC,2009,7.09
Nicaragua,NIC,2010,7.18
Nicaragua,NIC,2011,7.31
Nicaragua,NIC,2012,7.36
Nicaragua,NIC,2013,7.34
Nicaragua,NIC,2014,7.31
Nicaragua,NIC,2015,7.28
Nicaragua,NIC,2016,7.277070764
Niger,NER,1960,4.338727913
Niger,NER,1965,4.795990137
Niger,NER,1975,5.56
Niger,NER,1980,4.62
Niger,NER,1985,4.51
Niger,NER,1990,4.66
Niger,NER,1995,4.04
Niger,NER,2000,5.02
Niger,NER,2001,4.67
Niger,NER,2002,4.72
Niger,NER,2003,4.92
Niger,NER,2004,4.86
Niger,NER,2005,5
Niger,NER,2006,5.32
Niger,NER,2007,5.25
Niger,NER,2008,5.39
Niger,NER,2009,5.7
Niger,NER,2010,5.91
Niger,NER,2011,5.89
Niger,NER,2012,5.55
Niger,NER,2013,6.14
Niger,NER,2014,5.9
Niger,NER,2015,5.74
Niger,NER,2016,5.965836428
Nigeria,NGA,1955,4.161243305
Nigeria,NGA,1960,4.513075452
Nigeria,NGA,1965,4.263376054
Nigeria,NGA,1970,4.28
Nigeria,NGA,1975,3.85
Nigeria,NGA,1980,3.44
Nigeria,NGA,1985,4.18
Nigeria,NGA,1990,3.5
Nigeria,NGA,1995,3.81
Nigeria,NGA,2000,5.17
Nigeria,NGA,2001,5.07
Nigeria,NGA,2002,5.59
Nigeria,NGA,2003,5.58
Nigeria,NGA,2004,5.6
Nigeria,NGA,2005,5.95
Nigeria,NGA,2006,6.53
Nigeria,NGA,2007,6.34
Nigeria,NGA,2008,6.03
Nigeria,NGA,2009,5.89
Nigeria,NGA,2010,6.12
Nigeria,NGA,2011,6.34
Nigeria,NGA,2012,6.22
Nigeria,NGA,2013,6.38
Nigeria,NGA,2014,6.38
Nigeria,NGA,2015,6.37
Nigeria,NGA,2016,6.36072046
Norway,NOR,1950,6.0664098
Norway,NOR,1955,5.783424656
Norway,NOR,1960,6.076654489
Norway,NOR,1965,6.103971013
Norway,NOR,1970,6.19
Norway,NOR,1975,5.57
Norway,NOR,1980,5.72
Norway,NOR,1985,6.39
Norway,NOR,1990,6.99
Norway,NOR,1995,7.57
Norway,NOR,2000,7.36
Norway,NOR,2001,7.26
Norway,NOR,2002,7.09
Norway,NOR,2003,7.64
Norway,NOR,2004,7.62
Norway,NOR,2005,7.73
Norway,NOR,2006,7.59
Norway,NOR,2007,7.73
Norway,NOR,2008,7.63
Norway,NOR,2009,7.5
Norway,NOR,2010,7.47
Norway,NOR,2011,7.56
Norway,NOR,2012,7.58
Norway,NOR,2013,7.57
Norway,NOR,2014,7.62
Norway,NOR,2015,7.67
Norway,NOR,2016,7.57088482
Oman,OMN,1985,6.63
Oman,OMN,1990,6.2
Oman,OMN,1995,6.67
Oman,OMN,2000,7.47
Oman,OMN,2001,7.51
Oman,OMN,2002,7.52
Oman,OMN,2003,7.57
Oman,OMN,2004,7.28
Oman,OMN,2005,7.23
Oman,OMN,2006,6.96
Oman,OMN,2007,7.18
Oman,OMN,2008,7.08
Oman,OMN,2009,7.13
Oman,OMN,2010,7.01
Oman,OMN,2011,6.91
Oman,OMN,2012,7.04
Oman,OMN,2013,6.95
Oman,OMN,2014,7.05
Oman,OMN,2015,6.64
Oman,OMN,2016,6.749671402
Pakistan,PAK,1950,4.305036485
Pakistan,PAK,1955,4.326194472
Pakistan,PAK,1960,4.383530954
Pakistan,PAK,1965,4.607017666
Pakistan,PAK,1970,4.45
Pakistan,PAK,1975,3.51
Pakistan,PAK,1980,4.25
Pakistan,PAK,1985,4.83
Pakistan,PAK,1990,4.81
Pakistan,PAK,1995,5.55
Pakistan,PAK,2000,5.55
Pakistan,PAK,2001,5.71
Pakistan,PAK,2002,5.86
Pakistan,PAK,2003,5.64
Pakistan,PAK,2004,5.68
Pakistan,PAK,2005,6.09
Pakistan,PAK,2006,6.16
Pakistan,PAK,2007,6.09
Pakistan,PAK,2008,5.97
Pakistan,PAK,2009,6.12
Pakistan,PAK,2010,6.17
Pakistan,PAK,2011,6.23
Pakistan,PAK,2012,6.15
Pakistan,PAK,2013,6.14
Pakistan,PAK,2014,5.89
Pakistan,PAK,2015,5.92
Pakistan,PAK,2016,5.993016925
Panama,PAN,1950,5.85847542
Panama,PAN,1955,6.009340199
Panama,PAN,1960,6.116557879
Panama,PAN,1965,6.213842398
Panama,PAN,1975,7.32
Panama,PAN,1980,6.07
Panama,PAN,1985,6.7
Panama,PAN,1990,6.82
Panama,PAN,1995,7.86
Panama,PAN,2000,7.61
Panama,PAN,2001,7.55
Panama,PAN,2002,7.51
Panama,PAN,2003,7.58
Panama,PAN,2004,7.54
Panama,PAN,2005,7.57
Panama,PAN,2006,7.49
Panama,PAN,2007,7.56
Panama,PAN,2008,7.24
Panama,PAN,2009,7.25
Panama,PAN,2010,7.22
Panama,PAN,2011,7.13
Panama,PAN,2012,7.34
Panama,PAN,2013,7.36
Panama,PAN,2014,7.48
Panama,PAN,2015,7.6
Panama,PAN,2016,7.566113507
Papua New Guinea,PNG,1985,6.02
Papua New Guinea,PNG,1990,6.07
Papua New Guinea,PNG,1995,6.06
Papua New Guinea,PNG,2000,6.13
Papua New Guinea,PNG,2001,6.1
Papua New Guinea,PNG,2002,6.06
Papua New Guinea,PNG,2003,6
Papua New Guinea,PNG,2004,6.06
Papua New Guinea,PNG,2005,6.48
Papua New Guinea,PNG,2006,6.39
Papua New Guinea,PNG,2007,6.7
Papua New Guinea,PNG,2008,6.77
Papua New Guinea,PNG,2009,6.83
Papua New Guinea,PNG,2010,6.87
Papua New Guinea,PNG,2011,6.93
Papua New Guinea,PNG,2012,6.91
Papua New Guinea,PNG,2013,6.57
Papua New Guinea,PNG,2014,6.48
Papua New Guinea,PNG,2015,6.43
Papua New Guinea,PNG,2016,6.268588715
Paraguay,PRY,1950,3.797854139
Paraguay,PRY,1955,4.492534586
Paraguay,PRY,1960,4.920471328
Paraguay,PRY,1965,5.081646497
Paraguay,PRY,1980,6.24
Paraguay,PRY,1985,5.24
Paraguay,PRY,1990,5.94
Paraguay,PRY,1995,7.04
Paraguay,PRY,2000,6.79
Paraguay,PRY,2001,6.72
Paraguay,PRY,2002,6.56
Paraguay,PRY,2003,6.51
Paraguay,PRY,2004,6.45
Paraguay,PRY,2005,6.48
Paraguay,PRY,2006,6.41
Paraguay,PRY,2007,6.37
Paraguay,PRY,2008,6.5
Paraguay,PRY,2009,6.56
Paraguay,PRY,2010,6.74
Paraguay,PRY,2011,6.8
Paraguay,PRY,2012,6.89
Paraguay,PRY,2013,6.92
Paraguay,PRY,2014,6.87
Paraguay,PRY,2015,6.92
Paraguay,PRY,2016,6.93248077
Peru,PER,1950,4.064480968
Peru,PER,1955,4.302455076
Peru,PER,1960,4.432028598
Peru,PER,1965,4.369279243
Peru,PER,1970,4.62
Peru,PER,1975,3.5
Peru,PER,1980,3.6
Peru,PER,1985,2.47
Peru,PER,1990,3.87
Peru,PER,1995,6.47
Peru,PER,2000,7.48
Peru,PER,2001,7.48
Peru,PER,2002,7.4
Peru,PER,2003,7.41
Peru,PER,2004,7.43
Peru,PER,2005,7.39
Peru,PER,2006,7.41
Peru,PER,2007,7.39
Peru,PER,2008,7.5
Peru,PER,2009,7.51
Peru,PER,2010,7.64
Peru,PER,2011,7.62
Peru,PER,2012,7.57
Peru,PER,2013,7.38
Peru,PER,2014,7.53
Peru,PER,2015,7.47
Peru,PER,2016,7.439497099
Philippines,PHL,1950,5.015764665
Philippines,PHL,1955,4.842840321
Philippines,PHL,1960,4.851963159
Philippines,PHL,1965,5.280546195
Philippines,PHL,1970,5.3
Philippines,PHL,1975,5.02
Philippines,PHL,1980,5.15
Philippines,PHL,1985,4.92
Philippines,PHL,1990,5.88
Philippines,PHL,1995,7.1
Philippines,PHL,2000,6.97
Philippines,PHL,2001,6.91
Philippines,PHL,2002,6.93
Philippines,PHL,2003,6.96
Philippines,PHL,2004,6.8
Philippines,PHL,2005,7.02
Philippines,PHL,2006,7.05
Philippines,PHL,2007,6.86
Philippines,PHL,2008,6.76
Philippines,PHL,2009,6.7
Philippines,PHL,2010,7.09
Philippines,PHL,2011,7.27
Philippines,PHL,2012,7.31
Philippines,PHL,2013,7.58
Philippines,PHL,2014,7.45
Philippines,PHL,2015,7.47
Philippines,PHL,2016,7.347101298
Poland,POL,1985,3.68
Poland,POL,1990,3.51
Poland,POL,1995,5.28
Poland,POL,2000,6.55
Poland,POL,2001,6.47
Poland,POL,2002,6.61
Poland,POL,2003,6.49
Poland,POL,2004,6.81
Poland,POL,2005,6.89
Poland,POL,2006,6.94
Poland,POL,2007,6.86
Poland,POL,2008,7
Poland,POL,2009,7.16
Poland,POL,2010,7.12
Poland,POL,2011,7.24
Poland,POL,2012,7.32
Poland,POL,2013,7.22
Poland,POL,2014,7.43
Poland,POL,2015,7.36
Poland,POL,2016,7.26956524
Portugal,PRT,1950,5.256428275
Portugal,PRT,1955,5.46069916
Portugal,PRT,1960,5.599486954
Portugal,PRT,1965,5.609656822
Portugal,PRT,1970,5.51
Portugal,PRT,1975,3.74
Portugal,PRT,1980,5.62
Portugal,PRT,1985,5.46
Portugal,PRT,1990,6.2
Portugal,PRT,1995,7.4
Portugal,PRT,2000,7.46
Portugal,PRT,2001,7.36
Portugal,PRT,2002,7.39
Portugal,PRT,2003,7.48
Portugal,PRT,2004,7.44
Portugal,PRT,2005,7.25
Portugal,PRT,2006,7.41
Portugal,PRT,2007,7.4
Portugal,PRT,2008,7.21
Portugal,PRT,2009,7.17
Portugal,PRT,2010,7
Portugal,PRT,2011,7.27
Portugal,PRT,2012,7.31
Portugal,PRT,2013,7.49
Portugal,PRT,2014,7.6
Portugal,PRT,2015,7.54
Portugal,PRT,2016,7.496775811
Qatar,QAT,2010,7.35
Qatar,QAT,2011,7.23
Qatar,QAT,2012,7.5
Qatar,QAT,2013,7.53
Qatar,QAT,2014,7.68
Qatar,QAT,2015,7.43
Qatar,QAT,2016,7.467956558
Romania,ROU,1960,4.620736156
Romania,ROU,1965,4.478893332
Romania,ROU,1985,5.58
Romania,ROU,1990,5.02
Romania,ROU,1995,3.75
Romania,ROU,2000,5.47
Romania,ROU,2001,5.54
Romania,ROU,2002,6.01
Romania,ROU,2003,6.36
Romania,ROU,2004,6.43
Romania,ROU,2005,7.24
Romania,ROU,2006,7.03
Romania,ROU,2007,7.57
Romania,ROU,2008,7.32
Romania,ROU,2009,7.45
Romania,ROU,2010,7.3
Romania,ROU,2011,7.34
Romania,ROU,2012,7.47
Romania,ROU,2013,7.6
Romania,ROU,2014,7.74
Romania,ROU,2015,7.73
Romania,ROU,2016,7.698155057
Russia,RUS,1995,4.33
Russia,RUS,2000,5.5
Russia,RUS,2001,5.55
Russia,RUS,2002,5.88
Russia,RUS,2003,5.99
Russia,RUS,2004,6.27
Russia,RUS,2005,6.24
Russia,RUS,2006,6.35
Russia,RUS,2007,6.45
Russia,RUS,2008,6.52
Russia,RUS,2009,6.43
Russia,RUS,2010,6.54
Russia,RUS,2011,6.56
Russia,RUS,2012,6.64
Russia,RUS,2013,6.56
Russia,RUS,2014,6.58
Russia,RUS,2015,6.61
Russia,RUS,2016,6.823958472
Rwanda,RWA,1965,4.713098121
Rwanda,RWA,1975,3.2
Rwanda,RWA,1980,4.6
Rwanda,RWA,1990,4.89
Rwanda,RWA,1995,3.71
Rwanda,RWA,2000,5.74
Rwanda,RWA,2001,5.96
Rwanda,RWA,2002,6.31
Rwanda,RWA,2003,6.09
Rwanda,RWA,2004,5.67
Rwanda,RWA,2005,5.89
Rwanda,RWA,2006,6.38
Rwanda,RWA,2007,6.46
Rwanda,RWA,2008,6.75
Rwanda,RWA,2009,6.89
Rwanda,RWA,2010,7.23
Rwanda,RWA,2011,7.45
Rwanda,RWA,2012,7.32
Rwanda,RWA,2013,7.38
Rwanda,RWA,2014,7.39
Rwanda,RWA,2015,7.56
Rwanda,RWA,2016,7.483949815
Saudi Arabia,SAU,2010,6.71
Saudi Arabia,SAU,2011,6.67
Saudi Arabia,SAU,2012,6.42
Saudi Arabia,SAU,2013,6.55
Saudi Arabia,SAU,2014,6.55
Saudi Arabia,SAU,2015,6.24
Saudi Arabia,SAU,2016,6.516357351
Senegal,SEN,1960,4.297115611
Senegal,SEN,1965,4.425990449
Senegal,SEN,1980,4.85
Senegal,SEN,1985,4.85
Senegal,SEN,1990,5.02
Senegal,SEN,1995,4.32
Senegal,SEN,2000,5.61
Senegal,SEN,2001,5.54
Senegal,SEN,2002,5.8
Senegal,SEN,2003,5.68
Senegal,SEN,2004,5.7
Senegal,SEN,2005,5.76
Senegal,SEN,2006,5.81
Senegal,SEN,2007,5.91
Senegal,SEN,2008,5.87
Senegal,SEN,2009,6.05
Senegal,SEN,2010,5.95
Senegal,SEN,2011,5.9
Senegal,SEN,2012,5.9
Senegal,SEN,2013,6.18
Senegal,SEN,2014,6.23
Senegal,SEN,2015,6.16
Senegal,SEN,2016,6.199727938
Serbia,SRB,2005,5.96
Serbia,SRB,2006,6.39
Serbia,SRB,2007,6.77
Serbia,SRB,2008,6.55
Serbia,SRB,2009,6.58
Serbia,SRB,2010,6.56
Serbia,SRB,2011,6.64
Serbia,SRB,2012,6.55
Serbia,SRB,2013,6.65
Serbia,SRB,2014,6.71
Serbia,SRB,2015,6.76
Serbia,SRB,2016,6.855902529
Seychelles,SYC,2013,7.24
Seychelles,SYC,2014,7.46
Seychelles,SYC,2015,7.42
Seychelles,SYC,2016,7.234818257
Sierra Leone,SLE,1960,4.226059414
Sierra Leone,SLE,1965,4.344492592
Sierra Leone,SLE,1975,4.93
Sierra Leone,SLE,1980,4.79
Sierra Leone,SLE,1985,3.71
Sierra Leone,SLE,1990,3.81
Sierra Leone,SLE,1995,4.33
Sierra Leone,SLE,2000,4.68
Sierra Leone,SLE,2001,4.44
Sierra Leone,SLE,2002,5.06
Sierra Leone,SLE,2003,5.36
Sierra Leone,SLE,2004,5.3
Sierra Leone,SLE,2005,5.57
Sierra Leone,SLE,2006,5.63
Sierra Leone,SLE,2007,5.92
Sierra Leone,SLE,2008,5.98
Sierra Leone,SLE,2009,6.18
Sierra Leone,SLE,2010,6.22
Sierra Leone,SLE,2011,6.18
Sierra Leone,SLE,2012,6.27
Sierra Leone,SLE,2013,6.11
Sierra Leone,SLE,2014,6
Sierra Leone,SLE,2015,5.78
Sierra Leone,SLE,2016,5.744552987
Singapore,SGP,1960,6.867969309
Singapore,SGP,1965,6.867358275
Singapore,SGP,1970,7.08
Singapore,SGP,1975,7.01
Singapore,SGP,1980,7.42
Singapore,SGP,1985,7.65
Singapore,SGP,1990,8.49
Singapore,SGP,1995,8.88
Singapore,SGP,2000,8.7
Singapore,SGP,2001,8.62
Singapore,SGP,2002,8.77
Singapore,SGP,2003,8.72
Singapore,SGP,2004,8.75
Singapore,SGP,2005,8.86
Singapore,SGP,2006,8.83
Singapore,SGP,2007,8.81
Singapore,SGP,2008,8.77
Singapore,SGP,2009,8.72
Singapore,SGP,2010,8.71
Singapore,SGP,2011,8.71
Singapore,SGP,2012,8.59
Singapore,SGP,2013,8.59
Singapore,SGP,2014,8.79
Singapore,SGP,2015,8.8
Singapore,SGP,2016,8.820735091
Slovakia,SVK,1995,5.42
Slovakia,SVK,2000,6.89
Slovakia,SVK,2001,6.81
Slovakia,SVK,2002,6.83
Slovakia,SVK,2003,6.95
Slovakia,SVK,2004,7.59
Slovakia,SVK,2005,7.63
Slovakia,SVK,2006,7.59
Slovakia,SVK,2007,7.6
Slovakia,SVK,2008,7.6
Slovakia,SVK,2009,7.42
Slovakia,SVK,2010,7.47
Slovakia,SVK,2011,7.48
Slovakia,SVK,2012,7.38
Slovakia,SVK,2013,7.35
Slovakia,SVK,2014,7.44
Slovakia,SVK,2015,7.33
Slovakia,SVK,2016,7.308716412
Slovenia,SVN,1995,5.31
Slovenia,SVN,2000,6.58
Slovenia,SVN,2001,6.81
Slovenia,SVN,2002,6.75
Slovenia,SVN,2003,6.86
Slovenia,SVN,2004,6.88
Slovenia,SVN,2005,6.91
Slovenia,SVN,2006,6.98
Slovenia,SVN,2007,6.95
Slovenia,SVN,2008,7.01
Slovenia,SVN,2009,7.02
Slovenia,SVN,2010,6.82
Slovenia,SVN,2011,6.83
Slovenia,SVN,2012,6.84
Slovenia,SVN,2013,6.72
Slovenia,SVN,2014,7.01
Slovenia,SVN,2015,7.02
Slovenia,SVN,2016,7.044029738
South Africa,ZAF,1950,5.009284321
South Africa,ZAF,1955,5.269977287
South Africa,ZAF,1960,5.351373106
South Africa,ZAF,1965,5.39080015
South Africa,ZAF,1970,5.91
South Africa,ZAF,1975,5.23
South Africa,ZAF,1980,5.23
South Africa,ZAF,1985,5.03
South Africa,ZAF,1990,5.26
South Africa,ZAF,1995,5.9
South Africa,ZAF,2000,7.04
South Africa,ZAF,2001,7.02
South Africa,ZAF,2002,6.97
South Africa,ZAF,2003,7.13
South Africa,ZAF,2004,6.98
South Africa,ZAF,2005,6.87
South Africa,ZAF,2006,6.79
South Africa,ZAF,2007,6.79
South Africa,ZAF,2008,6.52
South Africa,ZAF,2009,6.52
South Africa,ZAF,2010,6.75
South Africa,ZAF,2011,6.82
South Africa,ZAF,2012,6.78
South Africa,ZAF,2013,6.75
South Africa,ZAF,2014,6.67
South Africa,ZAF,2015,6.64
South Africa,ZAF,2016,6.658054541
South Korea,KOR,1955,4.473568498
South Korea,KOR,1960,4.712475215
South Korea,KOR,1965,4.994749293
South Korea,KOR,1970,5.84
South Korea,KOR,1975,5.18
South Korea,KOR,1980,5.38
South Korea,KOR,1985,5.49
South Korea,KOR,1990,6.38
South Korea,KOR,1995,6.58
South Korea,KOR,2000,6.92
South Korea,KOR,2001,7.21
South Korea,KOR,2002,7.21
South Korea,KOR,2003,7.34
South Korea,KOR,2004,7.47
South Korea,KOR,2005,7.46
South Korea,KOR,2006,7.67
South Korea,KOR,2007,7.68
South Korea,KOR,2008,7.46
South Korea,KOR,2009,7.35
South Korea,KOR,2010,7.51
South Korea,KOR,2011,7.52
South Korea,KOR,2012,7.45
South Korea,KOR,2013,7.34
South Korea,KOR,2014,7.55
South Korea,KOR,2015,7.55
South Korea,KOR,2016,7.501501501
Spain,ESP,1950,5.276045386
Spain,ESP,1955,5.273538458
Spain,ESP,1960,5.585498034
Spain,ESP,1965,5.716850924
Spain,ESP,1970,6.12
Spain,ESP,1975,5.57
Spain,ESP,1980,5.81
Spain,ESP,1985,6.14
Spain,ESP,1990,6.56
Spain,ESP,1995,7.18
Spain,ESP,2000,7.77
Spain,ESP,2001,7.59
Spain,ESP,2002,7.5
Spain,ESP,2003,7.72
Spain,ESP,2004,7.74
Spain,ESP,2005,7.62
Spain,ESP,2006,7.57
Spain,ESP,2007,7.53
Spain,ESP,2008,7.37
Spain,ESP,2009,7.27
Spain,ESP,2010,7.32
Spain,ESP,2011,7.45
Spain,ESP,2012,7.35
Spain,ESP,2013,7.32
Spain,ESP,2014,7.45
Spain,ESP,2015,7.52
Spain,ESP,2016,7.551851757
Sri Lanka,LKA,1950,5.148317474
Sri Lanka,LKA,1955,4.728241433
Sri Lanka,LKA,1960,4.514507267
Sri Lanka,LKA,1965,4.564146363
Sri Lanka,LKA,1980,4.54
Sri Lanka,LKA,1985,4.71
Sri Lanka,LKA,1990,4.76
Sri Lanka,LKA,1995,6
Sri Lanka,LKA,2000,6.31
Sri Lanka,LKA,2001,6.28
Sri Lanka,LKA,2002,6.2
Sri Lanka,LKA,2003,6.37
Sri Lanka,LKA,2004,6.22
Sri Lanka,LKA,2005,6.44
Sri Lanka,LKA,2006,6.62
Sri Lanka,LKA,2007,6.43
Sri Lanka,LKA,2008,6.26
Sri Lanka,LKA,2009,6.35
Sri Lanka,LKA,2010,6.63
Sri Lanka,LKA,2011,6.77
Sri Lanka,LKA,2012,6.73
Sri Lanka,LKA,2013,6.64
Sri Lanka,LKA,2014,6.58
Sri Lanka,LKA,2015,6.66
Sri Lanka,LKA,2016,6.489522916
Sudan,SDN,2016,5.36
Suriname,SUR,2010,6.64
Suriname,SUR,2011,6.35
Suriname,SUR,2012,6.64
Suriname,SUR,2013,6.62
Suriname,SUR,2014,6.61
Suriname,SUR,2015,6.68
Suriname,SUR,2016,6.381872508
Swaziland,SWZ,2010,6.49
Swaziland,SWZ,2011,6.64
Swaziland,SWZ,2012,6.58
Swaziland,SWZ,2013,6.74
Swaziland,SWZ,2014,6.83
Swaziland,SWZ,2015,6.79
Swaziland,SWZ,2016,6.470780954
Sweden,SWE,1950,6.048710847
Sweden,SWE,1955,5.861236978
Sweden,SWE,1960,6.137294365
Sweden,SWE,1965,6.181658611
Sweden,SWE,1970,5.31
Sweden,SWE,1975,5.34
Sweden,SWE,1980,5.66
Sweden,SWE,1985,6.45
Sweden,SWE,1990,6.96
Sweden,SWE,1995,7.32
Sweden,SWE,2000,7.67
Sweden,SWE,2001,7.44
Sweden,SWE,2002,7.51
Sweden,SWE,2003,7.59
Sweden,SWE,2004,7.47
Sweden,SWE,2005,7.5
Sweden,SWE,2006,7.46
Sweden,SWE,2007,7.43
Sweden,SWE,2008,7.4
Sweden,SWE,2009,7.39
Sweden,SWE,2010,7.58
Sweden,SWE,2011,7.57
Sweden,SWE,2012,7.48
Sweden,SWE,2013,7.4
Sweden,SWE,2014,7.62
Sweden,SWE,2015,7.64
Sweden,SWE,2016,7.431505399
Switzerland,CHE,1950,6.843106439
Switzerland,CHE,1955,6.966214875
Switzerland,CHE,1960,7.098046799
Switzerland,CHE,1965,7.181874236
Switzerland,CHE,1970,7.41
Switzerland,CHE,1975,7.12
Switzerland,CHE,1980,7.62
Switzerland,CHE,1985,8.15
Switzerland,CHE,1990,8.21
Switzerland,CHE,1995,8.16
Switzerland,CHE,2000,8.73
Switzerland,CHE,2001,8.55
Switzerland,CHE,2002,8.63
Switzerland,CHE,2003,8.54
Switzerland,CHE,2004,8.5
Switzerland,CHE,2005,8.37
Switzerland,CHE,2006,8.42
Switzerland,CHE,2007,8.43
Switzerland,CHE,2008,8.24
Switzerland,CHE,2009,8.28
Switzerland,CHE,2010,8.32
Switzerland,CHE,2011,8.3
Switzerland,CHE,2012,8.27
Switzerland,CHE,2013,8.26
Switzerland,CHE,2014,8.37
Switzerland,CHE,2015,8.42
Switzerland,CHE,2016,8.387414206
Syria,SYR,1950,3.719703497
Syria,SYR,1955,4.162254599
Syria,SYR,1960,4.422438541
Syria,SYR,1965,4.110284047
Syria,SYR,1970,4.61
Syria,SYR,1975,4.88
Syria,SYR,1980,3.69
Syria,SYR,1985,3.01
Syria,SYR,1990,3.32
Syria,SYR,1995,4.08
Syria,SYR,2000,4.95
Syria,SYR,2001,5.26
Syria,SYR,2002,5.17
Syria,SYR,2003,5.13
Syria,SYR,2004,5.53
Syria,SYR,2005,5.75
Syria,SYR,2006,5.56
Syria,SYR,2007,5.96
Syria,SYR,2008,5.62
Syria,SYR,2009,5.79
Syria,SYR,2010,5.96
Syria,SYR,2011,6.28
Syria,SYR,2012,5.36
Syria,SYR,2013,5.28
Syria,SYR,2014,5.21
Syria,SYR,2015,5.22
Syria,SYR,2016,5.034062658
Taiwan,TWN,1950,4.363944181
Taiwan,TWN,1955,4.713460622
Taiwan,TWN,1960,5.194391515
Taiwan,TWN,1965,5.699698047
Taiwan,TWN,1970,6.4
Taiwan,TWN,1975,5.6
Taiwan,TWN,1980,6.32
Taiwan,TWN,1985,6.58
Taiwan,TWN,1990,7.1
Taiwan,TWN,1995,7.29
Taiwan,TWN,2000,7.37
Taiwan,TWN,2001,7.3
Taiwan,TWN,2002,7.44
Taiwan,TWN,2003,7.44
Taiwan,TWN,2004,7.55
Taiwan,TWN,2005,7.51
Taiwan,TWN,2006,7.58
Taiwan,TWN,2007,7.54
Taiwan,TWN,2008,7.49
Taiwan,TWN,2009,7.39
Taiwan,TWN,2010,7.7
Taiwan,TWN,2011,7.71
Taiwan,TWN,2012,7.71
Taiwan,TWN,2013,7.68
Taiwan,TWN,2014,7.71
Taiwan,TWN,2015,7.7
Taiwan,TWN,2016,7.883663307
Tajikistan,TJK,2010,6.28
Tajikistan,TJK,2011,6.39
Tajikistan,TJK,2012,6.59
Tajikistan,TJK,2013,6.66
Tajikistan,TJK,2014,6.82
Tajikistan,TJK,2015,6.8
Tajikistan,TJK,2016,6.716732564
Tanzania,TZA,1965,3.634027851
Tanzania,TZA,1970,4.36
Tanzania,TZA,1975,3.46
Tanzania,TZA,1980,4.33
Tanzania,TZA,1985,3.79
Tanzania,TZA,1990,3.81
Tanzania,TZA,1995,5.36
Tanzania,TZA,2000,6.11
Tanzania,TZA,2001,6.21
Tanzania,TZA,2002,5.95
Tanzania,TZA,2003,6.01
Tanzania,TZA,2004,6.04
Tanzania,TZA,2005,6.29
Tanzania,TZA,2006,6.4
Tanzania,TZA,2007,6.3
Tanzania,TZA,2008,6.2
Tanzania,TZA,2009,6.42
Tanzania,TZA,2010,6.7
Tanzania,TZA,2011,6.76
Tanzania,TZA,2012,6.62
Tanzania,TZA,2013,6.85
Tanzania,TZA,2014,6.76
Tanzania,TZA,2015,6.92
Tanzania,TZA,2016,6.930080248
Thailand,THA,1950,5.164054027
Thailand,THA,1955,5.284416326
Thailand,THA,1960,5.283564697
Thailand,THA,1965,5.376643364
Thailand,THA,1970,6.2
Thailand,THA,1975,5.83
Thailand,THA,1980,5.86
Thailand,THA,1985,5.94
Thailand,THA,1990,6.69
Thailand,THA,1995,7.07
Thailand,THA,2000,6.6
Thailand,THA,2001,6.6
Thailand,THA,2002,6.65
Thailand,THA,2003,6.72
Thailand,THA,2004,6.77
Thailand,THA,2005,6.72
Thailand,THA,2006,6.86
Thailand,THA,2007,6.83
Thailand,THA,2008,6.8
Thailand,THA,2009,6.69
Thailand,THA,2010,6.65
Thailand,THA,2011,6.59
Thailand,THA,2012,6.58
Thailand,THA,2013,6.54
Thailand,THA,2014,6.56
Thailand,THA,2015,6.74
Thailand,THA,2016,6.821824859
Timor,TLS,2010,5.42
Timor,TLS,2011,6.39
Timor,TLS,2012,6.29
Timor,TLS,2013,6.14
Timor,TLS,2014,6.27
Timor,TLS,2015,6.29
Timor,TLS,2016,6.561040228
Togo,TGO,1960,4.59164758
Togo,TGO,1965,4.678545834
Togo,TGO,1980,3.89
Togo,TGO,1985,5.14
Togo,TGO,1990,5.31
Togo,TGO,1995,5.27
Togo,TGO,2000,5.65
Togo,TGO,2001,5.84
Togo,TGO,2002,6.03
Togo,TGO,2003,5.81
Togo,TGO,2004,5.65
Togo,TGO,2005,5.69
Togo,TGO,2006,5.87
Togo,TGO,2007,5.86
Togo,TGO,2008,5.67
Togo,TGO,2009,5.57
Togo,TGO,2010,5.55
Togo,TGO,2011,5.42
Togo,TGO,2012,5.33
Togo,TGO,2013,5.98
Togo,TGO,2014,5.81
Togo,TGO,2015,5.7
Togo,TGO,2016,5.784202354
Trinidad and Tobago,TTO,1955,4.969638563
Trinidad and Tobago,TTO,1960,5.081313185
Trinidad and Tobago,TTO,1965,5.176027006
Trinidad and Tobago,TTO,1975,4.33
Trinidad and Tobago,TTO,1980,4.88
Trinidad and Tobago,TTO,1985,4.86
Trinidad and Tobago,TTO,1990,5.5
Trinidad and Tobago,TTO,1995,7.27
Trinidad and Tobago,TTO,2000,7.58
Trinidad and Tobago,TTO,2001,7.58
Trinidad and Tobago,TTO,2002,7.43
Trinidad and Tobago,TTO,2003,7.27
Trinidad and Tobago,TTO,2004,7.15
Trinidad and Tobago,TTO,2005,7.06
Trinidad and Tobago,TTO,2006,6.86
Trinidad and Tobago,TTO,2007,6.85
Trinidad and Tobago,TTO,2008,6.74
Trinidad and Tobago,TTO,2009,6.61
Trinidad and Tobago,TTO,2010,6.61
Trinidad and Tobago,TTO,2011,6.65
Trinidad and Tobago,TTO,2012,6.6
Trinidad and Tobago,TTO,2013,6.73
Trinidad and Tobago,TTO,2014,6.8
Trinidad and Tobago,TTO,2015,6.5
Trinidad and Tobago,TTO,2016,6.741669083
Tunisia,TUN,1960,4.152942491
Tunisia,TUN,1965,4.024663527
Tunisia,TUN,1970,4.44
Tunisia,TUN,1975,4.49
Tunisia,TUN,1980,4.55
Tunisia,TUN,1985,4.37
Tunisia,TUN,1990,5.26
Tunisia,TUN,1995,5.58
Tunisia,TUN,2000,6.1
Tunisia,TUN,2001,6.16
Tunisia,TUN,2002,6.19
Tunisia,TUN,2003,6.18
Tunisia,TUN,2004,6.26
Tunisia,TUN,2005,6.37
Tunisia,TUN,2006,6.76
Tunisia,TUN,2007,6.75
Tunisia,TUN,2008,6.68
Tunisia,TUN,2009,6.71
Tunisia,TUN,2010,6.49
Tunisia,TUN,2011,6.48
Tunisia,TUN,2012,6.4
Tunisia,TUN,2013,6.31
Tunisia,TUN,2014,6.48
Tunisia,TUN,2015,6.33
Tunisia,TUN,2016,6.276433717
Turkey,TUR,1950,4.855648872
Turkey,TUR,1955,4.817036381
Turkey,TUR,1960,4.868148997
Turkey,TUR,1965,5.022595465
Turkey,TUR,1970,3.52
Turkey,TUR,1975,3.83
Turkey,TUR,1980,3.59
Turkey,TUR,1985,4.65
Turkey,TUR,1990,4.73
Turkey,TUR,1995,5.69
Turkey,TUR,2000,5.84
Turkey,TUR,2001,5.58
Turkey,TUR,2002,5.69
Turkey,TUR,2003,6.14
Turkey,TUR,2004,6.29
Turkey,TUR,2005,6.43
Turkey,TUR,2006,6.45
Turkey,TUR,2007,6.58
Turkey,TUR,2008,6.9
Turkey,TUR,2009,6.83
Turkey,TUR,2010,6.87
Turkey,TUR,2011,7.05
Turkey,TUR,2012,7.01
Turkey,TUR,2013,6.84
Turkey,TUR,2014,6.88
Turkey,TUR,2015,6.83
Turkey,TUR,2016,6.821242893
Uganda,UGA,1965,4.105334185
Uganda,UGA,1980,2.71
Uganda,UGA,1985,2.75
Uganda,UGA,1990,2.74
Uganda,UGA,1995,5.09
Uganda,UGA,2000,7.13
Uganda,UGA,2001,7.09
Uganda,UGA,2002,6.8
Uganda,UGA,2003,6.89
Uganda,UGA,2004,6.85
Uganda,UGA,2005,6.94
Uganda,UGA,2006,7.11
Uganda,UGA,2007,7.14
Uganda,UGA,2008,7.16
Uganda,UGA,2009,7.16
Uganda,UGA,2010,7.29
Uganda,UGA,2011,7.06
Uganda,UGA,2012,7.13
Uganda,UGA,2013,7.23
Uganda,UGA,2014,7.26
Uganda,UGA,2015,7.26
Uganda,UGA,2016,7.43850886
Ukraine,UKR,1995,3.03
Ukraine,UKR,2000,4.71
Ukraine,UKR,2001,4.92
Ukraine,UKR,2002,5.45
Ukraine,UKR,2003,5.36
Ukraine,UKR,2004,5.52
Ukraine,UKR,2005,5.81
Ukraine,UKR,2006,5.95
Ukraine,UKR,2007,5.92
Ukraine,UKR,2008,5.87
Ukraine,UKR,2009,5.89
Ukraine,UKR,2010,5.9
Ukraine,UKR,2011,6.15
Ukraine,UKR,2012,6.24
Ukraine,UKR,2013,6.03
Ukraine,UKR,2014,5.91
Ukraine,UKR,2015,5.38
Ukraine,UKR,2016,5.969297672
United Arab Emirates,ARE,1980,6.01
United Arab Emirates,ARE,1985,6.64
United Arab Emirates,ARE,1990,7.23
United Arab Emirates,ARE,1995,6.71
United Arab Emirates,ARE,2000,7.15
United Arab Emirates,ARE,2001,7.18
United Arab Emirates,ARE,2002,7.33
United Arab Emirates,ARE,2003,7.31
United Arab Emirates,ARE,2004,7.2
United Arab Emirates,ARE,2005,7.38
United Arab Emirates,ARE,2006,7.58
United Arab Emirates,ARE,2007,7.66
United Arab Emirates,ARE,2008,7.68
United Arab Emirates,ARE,2009,7.4
United Arab Emirates,ARE,2010,7.63
United Arab Emirates,ARE,2011,7.75
United Arab Emirates,ARE,2012,7.76
United Arab Emirates,ARE,2013,7.69
United Arab Emirates,ARE,2014,7.59
United Arab Emirates,ARE,2015,7.49
United Arab Emirates,ARE,2016,7.485404568
United Kingdom,GBR,1950,6.08765252
United Kingdom,GBR,1955,6.355369053
United Kingdom,GBR,1960,6.539997297
United Kingdom,GBR,1965,6.639302155
United Kingdom,GBR,1970,5.94
United Kingdom,GBR,1975,6.06
United Kingdom,GBR,1980,6.72
United Kingdom,GBR,1985,7.71
United Kingdom,GBR,1990,8.18
United Kingdom,GBR,1995,8.21
United Kingdom,GBR,2000,8.52
United Kingdom,GBR,2001,8.42
United Kingdom,GBR,2002,8.4
United Kingdom,GBR,2003,8.41
United Kingdom,GBR,2004,8.31
United Kingdom,GBR,2005,8.26
United Kingdom,GBR,2006,8.16
United Kingdom,GBR,2007,8.09
United Kingdom,GBR,2008,7.96
United Kingdom,GBR,2009,8.06
United Kingdom,GBR,2010,7.86
United Kingdom,GBR,2011,7.87
United Kingdom,GBR,2012,7.9
United Kingdom,GBR,2013,7.94
United Kingdom,GBR,2014,7.94
United Kingdom,GBR,2015,8.04
United Kingdom,GBR,2016,8.007157126
United States,USA,1950,6.895925873
United States,USA,1955,6.662700661
United States,USA,1960,7.069675243
United States,USA,1965,7.20331723
United States,USA,1970,7.77
United States,USA,1975,7.88
United States,USA,1980,8.07
United States,USA,1985,8.26
United States,USA,1990,8.48
United States,USA,1995,8.48
United States,USA,2000,8.62
United States,USA,2001,8.47
United States,USA,2002,8.44
United States,USA,2003,8.42
United States,USA,2004,8.42
United States,USA,2005,8.22
United States,USA,2006,8.18
United States,USA,2007,8.29
United States,USA,2008,8.17
United States,USA,2009,7.95
United States,USA,2010,7.81
United States,USA,2011,7.76
United States,USA,2012,7.88
United States,USA,2013,7.74
United States,USA,2014,7.81
United States,USA,2015,7.93
United States,USA,2016,8.040992466
Uruguay,URY,1950,5.471494752
Uruguay,URY,1955,5.808298917
Uruguay,URY,1960,5.76215169
Uruguay,URY,1965,5.683865446
Uruguay,URY,1980,6.33
Uruguay,URY,1985,6.16
Uruguay,URY,1990,6.6
Uruguay,URY,1995,6.74
Uruguay,URY,2000,7.1
Uruguay,URY,2001,7.04
Uruguay,URY,2002,7.18
Uruguay,URY,2003,7
Uruguay,URY,2004,7.13
Uruguay,URY,2005,7.05
Uruguay,URY,2006,7
Uruguay,URY,2007,7.08
Uruguay,URY,2008,7.12
Uruguay,URY,2009,7.05
Uruguay,URY,2010,7.33
Uruguay,URY,2011,7.39
Uruguay,URY,2012,7.34
Uruguay,URY,2013,7.23
Uruguay,URY,2014,7.12
Uruguay,URY,2015,7.15
Uruguay,URY,2016,7.150333043
Venezuela,VEN,1950,5.141077863
Venezuela,VEN,1955,5.175234546
Venezuela,VEN,1960,5.348478542
Venezuela,VEN,1965,5.562041973
Venezuela,VEN,1970,7.18
Venezuela,VEN,1975,6.22
Venezuela,VEN,1980,6.72
Venezuela,VEN,1985,6.08
Venezuela,VEN,1990,5.55
Venezuela,VEN,1995,4.35
Venezuela,VEN,2000,5.89
Venezuela,VEN,2001,5.9
Venezuela,VEN,2002,4.81
Venezuela,VEN,2003,4.44
Venezuela,VEN,2004,4.91
Venezuela,VEN,2005,4.73
Venezuela,VEN,2006,4.72
Venezuela,VEN,2007,4.38
Venezuela,VEN,2008,4.22
Venezuela,VEN,2009,4.36
Venezuela,VEN,2010,3.96
Venezuela,VEN,2011,3.91
Venezuela,VEN,2012,3.82
Venezuela,VEN,2013,3.29
Venezuela,VEN,2014,3.28
Venezuela,VEN,2015,2.96
Venezuela,VEN,2016,2.88085998
Vietnam,VNM,2003,5.67
Vietnam,VNM,2004,6.05
Vietnam,VNM,2005,6.19
Vietnam,VNM,2006,6.31
Vietnam,VNM,2007,6.3
Vietnam,VNM,2008,6.19
Vietnam,VNM,2009,6.45
Vietnam,VNM,2010,6.33
Vietnam,VNM,2011,6.24
Vietnam,VNM,2012,6.4
Vietnam,VNM,2013,6.37
Vietnam,VNM,2014,6.32
Vietnam,VNM,2015,6.3
Vietnam,VNM,2016,6.416821979
Yemen,YEM,2010,6.12
Yemen,YEM,2011,6.19
Yemen,YEM,2012,6.17
Yemen,YEM,2013,6.33
Yemen,YEM,2014,6.54
Yemen,YEM,2015,6.18
Yemen,YEM,2016,6.37069288
Zambia,ZMB,1965,4.07200942
Zambia,ZMB,1975,4.11
Zambia,ZMB,1980,4.73
Zambia,ZMB,1985,3.55
Zambia,ZMB,1990,3.1
Zambia,ZMB,1995,4.76
Zambia,ZMB,2000,6.72
Zambia,ZMB,2001,6.91
Zambia,ZMB,2002,6.48
Zambia,ZMB,2003,6.75
Zambia,ZMB,2004,6.8
Zambia,ZMB,2005,6.64
Zambia,ZMB,2006,7.05
Zambia,ZMB,2007,7.13
Zambia,ZMB,2008,7.15
Zambia,ZMB,2009,7.13
Zambia,ZMB,2010,7.35
Zambia,ZMB,2011,7.34
Zambia,ZMB,2012,7.19
Zambia,ZMB,2013,6.95
Zambia,ZMB,2014,6.99
Zambia,ZMB,2015,6.74
Zambia,ZMB,2016,6.603235047
Zimbabwe,ZWE,1965,4.425076713
Zimbabwe,ZWE,1980,4.5
Zimbabwe,ZWE,1985,4.69
Zimbabwe,ZWE,1990,4.94
Zimbabwe,ZWE,1995,5.84
Zimbabwe,ZWE,2000,4.51
Zimbabwe,ZWE,2001,3.77
Zimbabwe,ZWE,2002,3.69
Zimbabwe,ZWE,2003,3.77
Zimbabwe,ZWE,2004,3.25
Zimbabwe,ZWE,2005,2.93
Zimbabwe,ZWE,2006,2.96
Zimbabwe,ZWE,2007,3.21
Zimbabwe,ZWE,2008,4.55
Zimbabwe,ZWE,2009,4.37
Zimbabwe,ZWE,2010,4.4
Zimbabwe,ZWE,2011,4.95
Zimbabwe,ZWE,2012,4.99
Zimbabwe,ZWE,2013,5.26
Zimbabwe,ZWE,2014,5.55
Zimbabwe,ZWE,2015,5.62
Zimbabwe,ZWE,2016,6.07711626